id,student_id,question_id,topic,subtopic,question_level,answer,date,duration,option_selected
20984,3412,297,17,,1,1,2024-06-11 01:14:54+00,,
20985,3416,139,18,7,2,0,2024-06-11 01:15:04+00,,
20986,3415,648,18,7,2,0,2024-06-11 01:15:13+00,,
20987,3416,633,18,7,1,1,2024-06-11 01:15:20+00,,
20988,3409,135,18,7,1,0,2024-06-11 01:15:21+00,,
20989,3415,633,18,7,1,0,2024-06-11 01:15:26+00,,
20990,3416,648,18,7,2,1,2024-06-11 01:15:35+00,,
20991,3407,668,7,2,1,0,2024-06-11 01:15:36+00,,
20992,3407,786,7,2,1,0,2024-06-11 01:15:40+00,,
20993,3407,118,7,2,1,1,2024-06-11 01:15:43+00,,
20994,3416,634,18,7,3,1,2024-06-11 01:15:44+00,,
20995,3415,125,18,7,1,0,2024-06-11 01:15:44+00,,
20996,3418,125,18,7,1,0,2024-06-11 01:15:45+00,,
20997,3407,801,7,2,2,0,2024-06-11 01:15:47+00,,
20998,3407,795,7,2,1,0,2024-06-11 01:15:50+00,,
20999,3409,1525,7,2,1,0,2024-06-11 01:16:31+00,,
21000,3412,492,17,,2,1,2024-06-11 01:16:44+00,,
21001,3418,633,18,7,1,1,2024-06-11 01:16:51+00,,
21002,3409,665,7,2,1,1,2024-06-11 01:16:54+00,,
21003,3409,690,7,2,2,0,2024-06-11 01:17:10+00,,
21004,3409,793,7,2,1,1,2024-06-11 01:17:39+00,,
21005,3409,1556,7,2,2,0,2024-06-11 01:17:50+00,,
21006,3416,666,7,2,1,1,2024-06-11 01:17:56+00,,
21007,3416,690,7,2,2,0,2024-06-11 01:18:17+00,,
21008,3413,1525,7,2,1,1,2024-06-11 01:18:35+00,,
21009,3413,1554,7,2,2,0,2024-06-11 01:18:50+00,,
21010,3412,303,17,,3,1,2024-06-11 01:19:11+00,,
21011,3416,665,7,2,1,1,2024-06-11 01:19:27+00,,
21012,3418,139,18,7,2,1,2024-06-11 01:19:31+00,,
21013,3411,666,7,2,1,0,2024-06-11 01:19:38+00,,
21014,3418,634,18,7,3,0,2024-06-11 01:19:39+00,,
21015,3418,648,18,7,2,0,2024-06-11 01:19:43+00,,
21016,3413,1548,7,2,1,0,2024-06-11 01:19:55+00,,
21017,3412,771,17,,4,1,2024-06-11 01:20:00+00,,
21018,3413,1536,7,2,1,0,2024-06-11 01:20:01+00,,
21019,3413,1537,7,2,1,0,2024-06-11 01:20:04+00,,
21020,3419,761,17,,1,1,2024-06-11 01:20:16+00,,
21021,3411,665,7,2,1,1,2024-06-11 01:20:20+00,,
21022,3413,1529,7,2,1,1,2024-06-11 01:20:36+00,,
21023,3411,690,7,2,2,0,2024-06-11 01:20:40+00,,
21024,3417,248,18,9,1,0,2024-06-11 01:20:40+00,,
21025,3413,1527,7,2,2,0,2024-06-11 01:20:42+00,,
21026,3409,666,7,2,1,0,2024-06-11 01:20:44+00,,
21027,3417,237,18,9,1,-1,2024-06-11 01:20:45+00,,
21028,3412,774,17,,5,0,2024-06-11 01:20:45+00,,
21029,3413,665,7,2,1,0,2024-06-11 01:20:47+00,,
21030,3417,235,18,9,1,0,2024-06-11 01:20:48+00,,
21031,3413,793,7,2,1,0,2024-06-11 01:20:51+00,,
21032,3409,668,7,2,1,1,2024-06-11 01:20:53+00,,
21033,3417,915,18,9,1,0,2024-06-11 01:20:54+00,,
21034,3413,666,7,2,1,1,2024-06-11 01:20:56+00,,
21035,3416,1556,7,2,2,0,2024-06-11 01:20:58+00,,
21036,3409,799,7,2,2,0,2024-06-11 01:21:10+00,,
21037,3411,793,7,2,1,1,2024-06-11 01:21:28+00,,
21038,3409,786,7,2,1,0,2024-06-11 01:21:28+00,,
21039,3412,135,18,7,1,0,2024-06-11 01:21:34+00,,
21040,3412,633,18,7,1,0,2024-06-11 01:21:39+00,,
21041,3412,125,18,7,1,0,2024-06-11 01:21:44+00,,
21042,3412,639,18,7,1,0,2024-06-11 01:21:49+00,,
21043,3409,118,7,2,1,0,2024-06-11 01:21:50+00,,
21044,3412,646,18,7,1,1,2024-06-11 01:21:52+00,,
21045,3416,793,7,2,1,1,2024-06-11 01:22:31+00,,
21046,3412,1548,7,2,1,0,2024-06-11 01:22:51+00,,
21047,3412,665,7,2,1,0,2024-06-11 01:22:55+00,,
21048,3411,1556,7,2,2,1,2024-06-11 01:22:59+00,,
21049,3412,793,7,2,1,0,2024-06-11 01:23:00+00,,
21050,3412,666,7,2,1,0,2024-06-11 01:23:03+00,,
21051,3412,668,7,2,1,0,2024-06-11 01:23:07+00,,
21052,3412,786,7,2,1,0,2024-06-11 01:23:32+00,,
21053,3417,961,18,9,1,0,2024-06-11 01:23:45+00,,
21054,3412,118,7,2,1,0,2024-06-11 01:24:20+00,,
21055,3412,665,7,2,1,0,2024-06-11 01:24:24+00,,
21056,3412,793,7,2,1,0,2024-06-11 01:24:34+00,,
21057,3412,666,7,2,1,0,2024-06-11 01:24:39+00,,
21058,3412,139,18,7,2,0,2024-06-11 01:25:01+00,,
21059,3412,647,18,7,1,1,2024-06-11 01:25:03+00,,
21060,3412,648,18,7,2,0,2024-06-11 01:25:07+00,,
21061,3412,645,18,7,1,0,2024-06-11 01:25:10+00,,
21062,3412,131,18,7,1,0,2024-06-11 01:25:14+00,,
21063,3419,646,18,7,1,-1,2024-06-11 01:25:20+00,,
21064,3417,187,14,,1,1,2024-06-11 01:25:38+00,,
21065,3419,633,18,7,1,-1,2024-06-11 01:25:39+00,,
21066,3417,80,14,,2,1,2024-06-11 01:26:49+00,,
21067,3419,125,18,7,1,-1,2024-06-11 01:26:51+00,,
21068,3419,639,18,7,1,-1,2024-06-11 01:26:55+00,,
21069,3419,135,18,7,1,0,2024-06-11 01:27:14+00,,
21070,3417,194,14,,3,0,2024-06-11 01:27:24+00,,
21071,3417,202,14,,2,0,2024-06-11 01:28:16+00,,
21072,3417,178,14,,1,1,2024-06-11 01:30:31+00,,
21073,3421,131,18,7,1,0,2024-06-11 03:58:13+00,,
21074,3421,633,18,7,1,1,2024-06-11 03:58:16+00,,
21075,3421,139,18,7,2,0,2024-06-11 03:58:23+00,,
21076,3421,125,18,7,1,0,2024-06-11 03:58:27+00,,
21077,3421,639,18,7,1,0,2024-06-11 03:58:30+00,,
21078,3426,773,17,,1,-1,2024-06-11 03:59:05+00,,
21079,3426,760,17,,1,1,2024-06-11 03:59:13+00,,
21080,3426,492,17,,2,0,2024-06-11 03:59:17+00,,
21081,3421,135,18,7,1,0,2024-06-11 03:59:19+00,,
21082,3421,646,18,7,1,0,2024-06-11 03:59:21+00,,
21083,3426,761,17,,1,1,2024-06-11 03:59:23+00,,
21084,3420,346,10,,1,0,2024-06-11 03:59:24+00,,
21085,3421,647,18,7,1,0,2024-06-11 03:59:24+00,,
21086,3426,486,17,,2,0,2024-06-11 03:59:26+00,,
21087,3421,645,18,7,1,0,2024-06-11 03:59:27+00,,
21088,3420,328,10,,1,0,2024-06-11 03:59:28+00,,
21089,3421,141,18,7,1,1,2024-06-11 03:59:30+00,,
21090,3420,337,10,,1,0,2024-06-11 03:59:31+00,,
21091,3420,1473,10,,1,0,2024-06-11 03:59:35+00,,
21092,3420,326,10,,1,0,2024-06-11 03:59:41+00,,
21093,3426,640,18,7,1,0,2024-06-11 04:00:02+00,,
21094,3426,633,18,7,1,0,2024-06-11 04:00:05+00,,
21095,3426,125,18,7,1,0,2024-06-11 04:00:10+00,,
21096,3426,639,18,7,1,1,2024-06-11 04:00:15+00,,
21097,3426,139,18,7,2,0,2024-06-11 04:00:19+00,,
21098,3420,805,12,12,1,0,2024-06-11 04:00:28+00,,
21099,3420,749,12,12,1,0,2024-06-11 04:00:31+00,,
21100,3420,804,12,12,1,0,2024-06-11 04:00:37+00,,
21101,3420,736,12,12,1,0,2024-06-11 04:00:41+00,,
21102,3425,190,14,,1,1,2024-06-11 04:00:44+00,,
21103,3420,1022,12,12,1,1,2024-06-11 04:00:45+00,,
21104,3426,1564,7,2,1,0,2024-06-11 04:00:50+00,,
21105,3426,665,7,2,1,0,2024-06-11 04:00:55+00,,
21106,3426,793,7,2,1,0,2024-06-11 04:01:03+00,,
21107,3426,666,7,2,1,0,2024-06-11 04:01:06+00,,
21108,3426,668,7,2,1,0,2024-06-11 04:01:11+00,,
21109,3424,125,18,7,1,0,2024-06-11 04:01:14+00,,
21110,3424,633,18,7,1,1,2024-06-11 04:01:23+00,,
21111,3425,80,14,,2,1,2024-06-11 04:01:24+00,,
21112,3424,139,18,7,2,0,2024-06-11 04:01:39+00,,
21113,3426,786,7,2,1,0,2024-06-11 04:01:45+00,,
21114,3424,639,18,7,1,0,2024-06-11 04:01:49+00,,
21115,3424,135,18,7,1,0,2024-06-11 04:01:58+00,,
21116,3426,118,7,2,1,0,2024-06-11 04:02:06+00,,
21117,3426,665,7,2,1,1,2024-06-11 04:02:09+00,,
21118,3426,690,7,2,2,0,2024-06-11 04:02:16+00,,
21119,3426,1565,7,2,1,0,2024-06-11 04:02:30+00,,
21120,3423,639,18,7,1,0,2024-06-11 04:03:23+00,,
21121,3423,633,18,7,1,0,2024-06-11 04:03:34+00,,
21122,3423,125,18,7,1,0,2024-06-11 04:03:42+00,,
21123,3424,1558,7,2,1,0,2024-06-11 04:03:45+00,,
21124,3423,135,18,7,1,0,2024-06-11 04:03:45+00,,
21125,3423,646,18,7,1,0,2024-06-11 04:03:51+00,,
21126,3424,665,7,2,1,1,2024-06-11 04:03:56+00,,
21127,3425,194,14,,3,1,2024-06-11 04:03:58+00,,
21128,3424,690,7,2,2,0,2024-06-11 04:03:59+00,,
21129,3424,793,7,2,1,0,2024-06-11 04:04:02+00,,
21130,3424,666,7,2,1,0,2024-06-11 04:04:05+00,,
21131,3421,1552,7,2,1,0,2024-06-11 04:04:45+00,,
21132,3421,665,7,2,1,1,2024-06-11 04:04:48+00,,
21133,3421,690,7,2,2,0,2024-06-11 04:04:51+00,,
21134,3421,793,7,2,1,0,2024-06-11 04:04:54+00,,
21135,3425,195,14,,4,0,2024-06-11 04:04:55+00,,
21136,3421,666,7,2,1,0,2024-06-11 04:04:57+00,,
21137,3433,772,17,,1,0,2024-06-11 04:05:14+00,,
21138,3433,760,17,,1,0,2024-06-11 04:05:16+00,,
21139,3425,196,14,,3,1,2024-06-11 04:05:17+00,,
21140,3433,761,17,,1,1,2024-06-11 04:05:18+00,,
21141,3433,492,17,,2,1,2024-06-11 04:05:20+00,,
21142,3433,303,17,,3,0,2024-06-11 04:05:23+00,,
21143,3432,652,18,7,1,0,2024-06-11 04:06:36+00,,
21144,3432,633,18,7,1,1,2024-06-11 04:06:45+00,,
21145,3432,139,18,7,2,0,2024-06-11 04:06:49+00,,
21146,3432,125,18,7,1,0,2024-06-11 04:06:55+00,,
21147,3432,639,18,7,1,0,2024-06-11 04:06:59+00,,
21148,3389,141,18,7,1,0,2024-06-11 04:39:52+00,,
21149,3389,633,18,7,1,1,2024-06-11 04:40:03+00,,
21150,3389,139,18,7,2,0,2024-06-11 04:40:06+00,,
21151,3389,125,18,7,1,0,2024-06-11 04:40:10+00,,
21152,3389,639,18,7,1,0,2024-06-11 04:40:13+00,,
21153,3389,135,18,7,1,1,2024-06-11 04:40:33+00,,
21154,3389,648,18,7,2,0,2024-06-11 04:40:45+00,,
21155,3389,646,18,7,1,1,2024-06-11 04:40:52+00,,
21156,3389,128,18,7,2,0,2024-06-11 04:41:02+00,,
21157,3389,647,18,7,1,1,2024-06-11 04:41:07+00,,
21158,3389,690,7,2,2,1,2024-06-11 04:41:48+00,,
21159,3389,792,7,2,3,0,2024-06-11 04:41:53+00,,
21160,3389,1556,7,2,2,1,2024-06-11 04:41:58+00,,
21161,3389,664,7,2,3,1,2024-06-11 04:42:03+00,,
21162,3389,1517,7,2,4,1,2024-06-11 04:42:08+00,,
21163,3389,1520,7,2,5,1,2024-06-11 04:42:22+00,,
21164,3389,1532,7,2,6,0,2024-06-11 04:42:25+00,,
21165,3389,1518,7,2,5,1,2024-06-11 04:42:32+00,,
21166,3389,1540,7,2,6,0,2024-06-11 04:42:36+00,,
21167,3389,691,7,2,5,0,2024-06-11 04:42:39+00,,
21168,3434,636,18,7,1,0,2024-06-11 04:52:24+00,,
21169,3434,633,18,7,1,1,2024-06-11 04:53:00+00,,
21170,3434,139,18,7,2,1,2024-06-11 04:53:44+00,,
21171,3434,634,18,7,3,1,2024-06-11 04:54:30+00,,
21172,3434,138,18,7,3,1,2024-06-11 04:55:49+00,,
21173,3434,1536,7,2,1,1,2024-06-11 04:57:20+00,,
21174,3434,690,7,2,2,1,2024-06-11 04:57:59+00,,
21175,3434,792,7,2,3,1,2024-06-11 04:59:04+00,,
21176,3434,1517,7,2,4,1,2024-06-11 04:59:47+00,,
21177,3434,1520,7,2,5,1,2024-06-11 05:00:19+00,,
21178,3342,138,18,7,3,0,2024-06-11 06:51:01+00,,
21179,3342,139,18,7,2,1,2024-06-11 06:58:31+00,,
21180,3342,137,18,7,3,0,2024-06-11 06:59:54+00,,
21181,3342,128,18,7,2,1,2024-06-11 07:00:35+00,,
21182,3342,130,18,7,3,-1,2024-06-11 07:00:44+00,,
21183,3342,123,18,7,3,0,2024-06-11 07:02:05+00,,
21184,3342,140,18,7,2,-1,2024-06-11 07:02:40+00,,
21185,3342,637,18,7,2,1,2024-06-11 07:02:59+00,,
21186,3342,122,18,7,3,-1,2024-06-11 07:03:40+00,,
21187,3342,136,18,7,3,1,2024-06-11 07:04:13+00,,
21188,3342,118,7,2,1,-1,2024-06-11 07:05:11+00,,
21189,3342,665,7,2,1,1,2024-06-11 07:06:54+00,,
21190,3342,690,7,2,2,1,2024-06-11 07:07:19+00,,
21191,3342,792,7,2,3,1,2024-06-11 07:08:52+00,,
21192,3342,1517,7,2,4,1,2024-06-11 07:12:14+00,,
21193,3342,1520,7,2,5,1,2024-06-11 07:14:23+00,,
21194,3342,1532,7,2,6,1,2024-06-11 07:15:52+00,,
21195,3342,667,7,2,7,1,2024-06-11 07:16:38+00,,
21196,3342,794,7,2,7,1,2024-06-11 07:17:56+00,,
21197,3342,798,7,2,7,1,2024-06-11 07:18:14+00,,
21198,2956,644,18,7,1,1,2024-06-11 09:08:27+00,,
21199,2956,139,18,7,2,1,2024-06-11 09:09:21+00,,
21200,2956,634,18,7,3,1,2024-06-11 09:10:05+00,,
21201,2956,138,18,7,3,1,2024-06-11 09:11:37+00,,
21202,2956,137,18,7,3,1,2024-06-11 09:12:38+00,,
21203,2956,130,18,7,3,1,2024-06-11 09:33:14+00,,
21204,2956,123,18,7,3,1,2024-06-11 09:33:46+00,,
21205,2956,122,18,7,3,1,2024-06-11 09:42:33+00,,
21206,2956,136,18,7,3,1,2024-06-11 09:44:02+00,,
21207,2956,635,18,7,3,1,2024-06-11 09:44:13+00,,
21208,2956,1566,7,2,1,0,2024-06-11 09:48:10+00,,
21209,2956,665,7,2,1,1,2024-06-11 09:48:43+00,,
21210,2956,690,7,2,2,0,2024-06-11 09:54:54+00,,
21211,2956,793,7,2,1,1,2024-06-11 09:55:50+00,,
21212,2956,1556,7,2,2,1,2024-06-11 09:56:16+00,,
21213,2956,792,7,2,3,1,2024-06-11 09:57:16+00,,
21214,2956,1517,7,2,4,1,2024-06-11 09:57:48+00,,
21215,2956,1520,7,2,5,1,2024-06-11 09:58:18+00,,
21216,2956,1532,7,2,6,1,2024-06-11 09:58:47+00,,
21217,2956,667,7,2,7,1,2024-06-11 09:59:06+00,,
21218,3435,640,18,7,1,0,2024-06-11 10:19:53+00,,
21219,3435,633,18,7,1,0,2024-06-11 10:20:10+00,,
21220,3435,125,18,7,1,0,2024-06-11 10:20:35+00,,
21221,3435,639,18,7,1,0,2024-06-11 10:20:53+00,,
21222,3435,135,18,7,1,0,2024-06-11 10:21:39+00,,
21223,3435,646,18,7,1,1,2024-06-11 10:29:05+00,,
21224,3435,139,18,7,2,1,2024-06-11 10:32:09+00,,
21225,3435,634,18,7,3,1,2024-06-11 10:34:47+00,,
21226,3435,138,18,7,3,0,2024-06-11 10:41:08+00,,
21227,3435,648,18,7,2,0,2024-06-11 10:42:26+00,,
21228,3435,795,7,2,1,1,2024-06-11 10:46:50+00,,
21229,3435,690,7,2,2,1,2024-06-11 10:49:07+00,,
21230,3435,792,7,2,3,0,2024-06-11 10:49:50+00,,
21231,3435,1556,7,2,2,0,2024-06-11 10:51:33+00,,
21232,3435,665,7,2,1,1,2024-06-11 10:52:45+00,,
21233,3435,799,7,2,2,1,2024-06-11 10:59:20+00,,
21234,3435,664,7,2,3,1,2024-06-11 11:05:53+00,,
21235,3435,1517,7,2,4,1,2024-06-11 11:07:45+00,,
21236,3435,1520,7,2,5,0,2024-06-11 11:16:41+00,,
21237,3435,1521,7,2,4,1,2024-06-11 11:17:30+00,,
21238,3428,647,18,7,1,0,2024-06-11 13:46:50+00,,
21239,3428,633,18,7,1,1,2024-06-11 13:47:13+00,,
21240,3428,139,18,7,2,-1,2024-06-11 13:47:23+00,,
21241,3428,648,18,7,2,-1,2024-06-11 13:47:36+00,,
21242,3428,125,18,7,1,0,2024-06-11 13:47:54+00,,
21243,3404,651,18,7,1,0,2024-06-11 14:48:01+00,,
21244,3404,633,18,7,1,1,2024-06-11 14:52:27+00,,
21245,3404,139,18,7,2,0,2024-06-11 14:53:13+00,,
21246,3404,125,18,7,1,-1,2024-06-11 14:53:28+00,,
21247,3404,639,18,7,1,1,2024-06-11 14:53:52+00,,
21248,3404,786,7,2,1,1,2024-06-11 14:56:05+00,,
21249,3404,690,7,2,2,-1,2024-06-11 14:56:19+00,,
21250,3404,1556,7,2,2,1,2024-06-11 14:57:55+00,,
21251,3404,792,7,2,3,-1,2024-06-11 14:59:10+00,,
21252,3404,664,7,2,3,1,2024-06-11 15:00:02+00,,
21253,3400,646,18,7,1,1,2024-06-12 09:30:23+00,,
21254,3400,139,18,7,2,0,2024-06-12 09:34:48+00,,
21255,3400,633,18,7,1,1,2024-06-12 09:36:46+00,,
21256,3400,648,18,7,2,0,2024-06-12 09:37:37+00,,
21257,3400,125,18,7,1,1,2024-06-12 10:00:30+00,,
21258,3400,665,7,2,1,1,2024-06-12 10:02:42+00,,
21259,3400,690,7,2,2,0,2024-06-12 10:03:27+00,,
21260,3400,793,7,2,1,1,2024-06-12 10:04:17+00,,
21261,3400,1556,7,2,2,1,2024-06-12 10:05:07+00,,
21262,3400,792,7,2,3,1,2024-06-12 10:06:31+00,,
21263,3436,651,18,7,1,1,2024-06-12 10:37:19+00,,
21264,3436,139,18,7,2,0,2024-06-12 10:37:23+00,,
21265,3436,633,18,7,1,0,2024-06-12 10:37:31+00,,
21266,3436,125,18,7,1,1,2024-06-12 10:37:41+00,,
21267,3436,648,18,7,2,1,2024-06-12 10:37:52+00,,
21268,3436,634,18,7,3,0,2024-06-12 10:39:20+00,,
21269,3436,128,18,7,2,1,2024-06-12 10:39:26+00,,
21270,3436,138,18,7,3,0,2024-06-12 10:39:35+00,,
21271,3436,140,18,7,2,0,2024-06-12 10:39:41+00,,
21272,3436,639,18,7,1,0,2024-06-12 10:39:47+00,,
21273,3389,551,25,,1,0,2024-06-12 12:51:15+00,,
21274,3389,574,25,,1,0,2024-06-12 12:51:18+00,,
21275,3389,567,25,,1,1,2024-06-12 12:51:20+00,,
21277,3389,572,25,,1,0,2024-06-12 12:51:26+00,,
21278,3439,569,25,,1,0,2024-06-12 13:00:53+00,,
21279,3439,574,25,,1,1,2024-06-12 13:00:56+00,,
21281,3439,567,25,,1,1,2024-06-12 13:01:05+00,,
21282,3439,560,25,,2,0,2024-06-12 13:01:11+00,,
21283,3389,360,10,,1,0,2024-06-12 13:01:54+00,,
21284,3389,328,10,,1,0,2024-06-12 13:01:57+00,,
21285,3389,337,10,,1,0,2024-06-12 13:01:59+00,,
21286,3389,1473,10,,1,0,2024-06-12 13:02:02+00,,
21287,3389,326,10,,1,0,2024-06-12 13:02:04+00,,
21293,3440,1341,28,47,1,1,2024-06-13 06:28:57+00,,
21294,3440,1343,28,47,2,0,2024-06-13 06:29:16+00,,
21295,3440,1339,28,47,1,1,2024-06-13 06:29:18+00,,
21296,3440,1344,28,47,2,0,2024-06-13 06:29:20+00,,
21297,3440,1411,28,47,1,0,2024-06-13 06:29:22+00,,
21298,3440,1399,28,46,1,1,2024-06-13 06:29:57+00,,
21299,3440,1406,28,46,2,0,2024-06-13 06:30:00+00,,
21300,3440,1395,28,46,1,0,2024-06-13 06:30:02+00,,
21301,3440,1405,28,46,1,0,2024-06-13 06:30:04+00,,
21302,3440,1397,28,46,1,1,2024-06-13 06:30:07+00,,
21303,3440,1417,28,47,1,0,2024-06-13 06:30:22+00,,
21304,3440,1418,28,47,1,1,2024-06-13 06:30:25+00,,
21305,3440,1346,28,47,2,1,2024-06-13 06:30:27+00,,
21306,3440,1342,28,47,3,0,2024-06-13 06:30:29+00,,
21307,3440,1345,28,47,2,0,2024-06-13 06:30:32+00,,
21308,3443,646,18,7,1,0,2024-06-13 06:43:09+00,,
21309,3441,650,18,7,1,0,2024-06-13 06:43:16+00,,
21310,3443,633,18,7,1,1,2024-06-13 06:43:22+00,,
21311,3442,124,18,7,1,1,2024-06-13 06:43:31+00,,
21312,3443,139,18,7,2,1,2024-06-13 06:43:39+00,,
21313,3443,634,18,7,3,0,2024-06-13 06:43:53+00,,
21314,3443,648,18,7,2,0,2024-06-13 06:44:01+00,,
21315,3441,633,18,7,1,1,2024-06-13 06:44:07+00,,
21316,3444,638,18,7,1,0,2024-06-13 06:44:10+00,,
21317,3442,139,18,7,2,0,2024-06-13 06:44:14+00,,
21318,3442,633,18,7,1,1,2024-06-13 06:44:38+00,,
21319,3442,648,18,7,2,0,2024-06-13 06:44:56+00,,
21320,3444,633,18,7,1,1,2024-06-13 06:45:02+00,,
21321,3442,125,18,7,1,0,2024-06-13 06:45:04+00,,
21322,3441,139,18,7,2,1,2024-06-13 06:45:40+00,,
21323,3443,1551,7,2,1,0,2024-06-13 06:45:41+00,,
21324,3444,139,18,7,2,0,2024-06-13 06:45:43+00,,
21325,3443,665,7,2,1,0,2024-06-13 06:45:44+00,,
21326,3443,793,7,2,1,1,2024-06-13 06:45:48+00,,
21327,3443,690,7,2,2,0,2024-06-13 06:45:51+00,,
21328,3443,666,7,2,1,0,2024-06-13 06:45:57+00,,
21329,3444,125,18,7,1,0,2024-06-13 06:46:05+00,,
21330,3444,639,18,7,1,1,2024-06-13 06:46:21+00,,
21331,3444,648,18,7,2,1,2024-06-13 06:46:37+00,,
21332,3441,634,18,7,3,0,2024-06-13 06:47:24+00,,
21333,3442,1568,7,2,1,0,2024-06-13 06:47:28+00,,
21334,3442,665,7,2,1,1,2024-06-13 06:47:34+00,,
21335,3442,690,7,2,2,0,2024-06-13 06:47:45+00,,
21336,3442,793,7,2,1,0,2024-06-13 06:47:50+00,,
21337,3442,666,7,2,1,0,2024-06-13 06:47:55+00,,
21338,3441,648,18,7,2,1,2024-06-13 06:47:58+00,,
21339,3019,1418,28,47,1,0,2024-06-17 01:05:00+00,,
21340,3019,1339,28,47,1,1,2024-06-17 01:05:04+00,,
21341,3019,1343,28,47,2,0,2024-06-17 01:05:08+00,,
21342,3019,1411,28,47,1,1,2024-06-17 01:05:11+00,,
21343,3445,251,18,9,1,1,2024-06-17 03:09:25+00,,
21344,3445,90,18,9,2,0,2024-06-17 03:10:18+00,,
21345,3445,237,18,9,1,1,2024-06-17 03:11:14+00,,
21346,3445,227,18,9,2,1,2024-06-17 03:13:35+00,,
21347,3445,231,18,9,3,0,2024-06-17 03:15:12+00,,
21348,80,881,4,4,4,0,2024-07-23 09:31:28+00,,
21349,80,878,4,4,3,0,2024-07-23 09:31:30+00,,
21350,80,880,4,4,2,0,2024-07-23 09:31:33+00,,
21351,80,269,4,4,1,0,2024-07-23 09:31:35+00,,
21352,80,260,4,4,1,0,2024-07-23 09:31:37+00,,
21353,80,1035,4,42,2,0,2024-07-23 09:32:42+00,,
21354,80,1044,4,42,1,0,2024-07-23 09:32:44+00,,
21355,80,1046,4,42,1,1,2024-07-23 09:32:46+00,,
21356,80,1036,4,42,2,0,2024-07-23 09:32:48+00,,
21357,80,1041,4,42,1,1,2024-07-23 09:32:51+00,,
21358,80,159,16,,2,0,2024-08-30 18:00:32+00,,
21359,80,891,16,,1,0,2024-08-30 18:01:17+00,,
21360,80,892,16,,1,1,2024-08-30 18:01:24+00,,
21361,80,156,16,,2,0,2024-08-30 18:01:42+00,,
21362,80,160,16,,1,0,2024-08-30 18:01:50+00,,
21363,80,822,12,13,3,0,2024-08-30 18:04:12+00,,
21364,80,860,12,13,2,0,2024-08-30 18:04:19+00,,
21365,80,1053,12,13,1,0,2024-08-30 18:04:28+00,,
21366,80,1011,12,13,1,-1,2024-08-30 18:04:58+00,,
21367,80,152,12,13,1,0,2024-08-30 18:05:08+00,,
21368,80,824,12,13,1,0,2024-08-30 18:21:17+00,,
21369,80,827,12,13,1,1,2024-08-30 18:21:27+00,,
21370,80,820,12,13,2,1,2024-08-30 18:21:34+00,,
21371,80,823,12,13,3,0,2024-08-30 18:21:57+00,,
21372,80,858,12,13,2,0,2024-08-30 18:22:07+00,,
21373,80,1696,12,13,1,0,2024-08-30 18:23:27+00,,
21374,80,1211,12,13,1,0,2024-08-30 18:23:37+00,,
21375,80,2060,12,13,1,0,2024-08-30 18:23:42+00,,
21376,80,1948,12,13,1,-1,2024-08-30 18:24:42+00,,
21377,80,826,12,13,1,0,2024-08-30 18:24:51+00,,
21378,80,825,12,13,1,0,2024-08-30 18:27:28+00,,
21379,80,2056,12,13,1,-1,2024-08-30 18:27:53+00,,
21380,80,2058,12,13,1,0,2024-08-30 18:28:06+00,,
21381,80,1053,12,13,1,0,2024-08-30 18:28:16+00,,
21382,80,1011,12,13,1,-1,2024-08-30 18:29:19+00,,
21383,80,1709,25,,1,0,2024-09-20 09:12:07+00,,
21384,80,574,25,,1,0,2024-09-20 09:12:13+00,,
21385,80,567,25,,1,-1,2024-09-20 09:12:19+00,,
21386,80,547,25,,1,0,2024-09-20 09:12:23+00,,
21387,80,559,25,,1,0,2024-09-20 09:12:28+00,,
21393,80,829,16,,1,0,2024-09-30 06:26:31+00,,
21394,80,830,16,,1,-1,2024-09-30 06:26:36+00,,
21395,80,831,16,,1,1,2024-09-30 06:26:40+00,,
21396,80,836,16,,2,0,2024-09-30 06:26:44+00,,
21397,80,889,16,,1,1,2024-09-30 06:26:47+00,,
21398,997,633,18,7,1,1,2024-10-03 05:41:19+00,,
21399,997,139,18,7,2,0,2024-10-03 05:41:24+00,,
21400,997,639,18,7,1,1,2024-10-03 05:41:28+00,,
21401,997,648,18,7,2,1,2024-10-03 05:42:05+00,,
21402,997,634,18,7,3,0,2024-10-03 05:42:12+00,,
21403,80,616,18,8,1,0,2024-10-03 06:07:38+00,,
21404,80,849,18,8,1,-1,2024-10-03 06:07:45+00,,
21405,80,848,18,8,1,0,2024-10-03 06:07:52+00,,
21406,80,620,18,8,1,1,2024-10-03 06:07:58+00,,
21407,80,624,18,8,2,1,2024-10-03 06:08:03+00,,
21408,91,419,18,10,1,-1,2024-10-03 08:04:50+00,,
21409,91,430,18,10,1,-1,2024-10-03 08:04:56+00,,
21410,91,420,18,10,1,0,2024-10-03 08:25:03+00,,
21411,91,440,18,10,1,0,2024-10-03 08:25:09+00,,
21412,91,446,18,10,1,-1,2024-10-03 08:25:17+00,,
21413,91,447,18,10,1,0,2024-10-03 08:29:19+00,,
21414,91,449,18,10,1,0,2024-10-03 08:29:29+00,,
21415,91,430,18,10,1,0,2024-10-03 08:33:18+00,,
21416,91,420,18,10,1,0,2024-10-03 08:33:30+00,,
21417,91,440,18,10,1,0,2024-10-03 08:33:35+00,,
21418,91,446,18,10,1,0,2024-10-03 08:33:44+00,,
21419,91,447,18,10,1,1,2024-10-03 08:33:48+00,,
21420,91,782,18,11,1,-1,2024-10-03 08:36:10+00,,
21421,91,385,18,11,1,0,2024-10-03 08:36:22+00,,
21422,91,292,18,11,1,1,2024-10-03 08:36:29+00,,
21423,91,306,18,11,2,0,2024-10-03 08:36:33+00,,
21424,91,382,18,11,1,1,2024-10-03 08:36:40+00,,
21425,91,313,18,10,2,0,2024-10-03 08:40:12+00,,
21426,91,441,18,10,1,1,2024-10-03 08:44:07+00,,
21427,91,317,18,10,2,1,2024-10-03 08:44:12+00,,
21428,91,439,18,10,3,0,2024-10-03 08:44:18+00,,
21429,91,429,18,10,2,0,2024-10-03 08:44:23+00,,
21430,3450,331,10,,1,1,2024-10-03 09:37:45+00,,
21431,997,1227,4,3,2,0,2024-10-04 06:33:36+00,,
21432,997,97,4,3,1,1,2024-10-04 06:34:25+00,,
21433,997,659,4,3,2,0,2024-10-04 06:34:35+00,,
21434,997,142,4,3,1,0,2024-10-04 06:34:44+00,,
21435,997,1895,4,3,1,0,2024-10-04 06:34:54+00,,
21436,3451,332,10,,1,-1,2024-10-09 07:42:07+00,,
21437,3451,328,10,,1,1,2024-10-09 07:42:26+00,,
21438,3451,1495,10,,2,-1,2024-10-09 07:42:32+00,,
21439,3451,347,10,,2,-1,2024-10-09 07:42:36+00,,
21440,3451,1473,10,,1,1,2024-10-09 07:42:45+00,,
21441,71,1473,10,,1,0,2024-10-11 05:40:40+00,,
21442,71,2072,10,,1,0,2024-10-11 05:40:45+00,,
21443,71,346,10,,1,0,2024-10-11 05:40:49+00,,
21444,71,1500,10,,1,1,2024-10-11 05:40:54+00,,
21445,71,1495,10,,2,0,2024-10-11 05:40:58+00,,
21446,3455,337,10,,1,0,2024-10-11 05:47:19+00,,
21447,3455,328,10,,1,0,2024-10-11 05:47:29+00,,
21448,3455,1473,10,,1,0,2024-10-11 05:47:39+00,,
21449,3455,326,10,,1,0,2024-10-11 05:47:49+00,,
21450,3455,360,10,,1,0,2024-10-11 05:47:58+00,,
21451,3456,346,10,,1,0,2024-10-11 05:48:23+00,,
21452,3456,328,10,,1,0,2024-10-11 05:51:52+00,,
21453,3466,1052,10,,1,0,2024-10-12 01:21:34+00,,
21454,3470,360,10,,1,1,2024-10-16 12:59:28+00,,
21455,3469,1060,10,,1,1,2024-10-16 13:12:00+00,,
21456,3469,1481,10,,2,0,2024-10-16 13:13:16+00,,
21457,3469,1500,10,,1,1,2024-10-16 13:14:15+00,,
21458,3469,1495,10,,2,0,2024-10-16 13:15:01+00,,
21459,3470,1495,10,,2,1,2024-10-16 13:15:11+00,,
21460,3469,346,10,,1,1,2024-10-16 13:16:56+00,,
21461,3469,359,10,,2,0,2024-10-16 13:19:07+00,,
21462,3469,328,10,,1,1,2024-10-16 13:22:58+00,,
21463,3470,1488,10,,3,1,2024-10-16 13:23:53+00,,
21464,3470,1477,10,,4,1,2024-10-16 13:27:03+00,,
21465,3470,355,10,,5,1,2024-10-16 13:33:47+00,,
21466,3456,337,10,,1,0,2024-10-16 13:33:59+00,,
21467,3469,347,10,,2,1,2024-10-16 14:01:31+00,,
21468,3389,943,22,,1,1,2024-10-17 01:29:51+00,,
21469,3389,942,22,,2,0,2024-10-17 01:29:54+00,,
21470,3389,944,22,,1,1,2024-10-17 01:29:56+00,,
21471,3389,945,22,,2,0,2024-10-17 01:29:59+00,,
21472,3389,939,22,,1,0,2024-10-17 01:30:01+00,,
21473,3389,940,22,,1,0,2024-10-17 05:33:17+00,,
21474,3389,929,22,,1,0,2024-10-17 05:33:19+00,,
21475,3389,944,22,,1,0,2024-10-17 05:33:23+00,,
21476,3389,943,22,,1,1,2024-10-17 05:33:26+00,,
21477,3389,942,22,,2,0,2024-10-17 05:33:30+00,,
21478,3473,346,10,,1,1,2024-10-17 10:01:56+00,,
21479,3473,1495,10,,2,1,2024-10-17 10:02:00+00,,
21480,3473,1488,10,,3,0,2024-10-17 10:02:05+00,,
21481,3473,359,10,,2,0,2024-10-17 10:02:10+00,,
21482,3473,328,10,,1,0,2024-10-17 10:02:14+00,,
21483,3473,1473,10,,1,1,2024-10-17 10:06:26+00,,
21484,3473,347,10,,2,0,2024-10-17 10:11:54+00,,
21485,3473,326,10,,1,0,2024-10-17 10:12:05+00,,
21486,3474,337,10,,1,1,2024-10-17 14:41:27+00,,
21487,3474,1495,10,,2,0,2024-10-17 15:13:02+00,,
21488,3474,360,10,,1,1,2024-10-17 15:14:12+00,,
21489,3474,347,10,,2,1,2024-10-17 15:15:36+00,,
21490,3474,1488,10,,3,0,2024-10-17 15:25:06+00,,
21491,3474,359,10,,2,-1,2024-10-18 01:14:13+00,,
21492,3464,1059,10,,1,1,2024-10-18 09:37:39+00,,
21493,3464,1481,10,,2,-1,2024-10-18 09:42:59+00,,
21494,3464,1495,10,,2,1,2024-10-18 09:46:52+00,,
21495,3464,1488,10,,3,1,2024-10-18 09:54:38+00,,
21496,3464,1477,10,,4,1,2024-10-18 09:58:09+00,,
21497,3464,355,10,,5,1,2024-10-18 10:06:37+00,,
21498,3464,338,10,,6,1,2024-10-18 10:07:58+00,,
21499,3464,351,10,,6,0,2024-10-18 10:09:41+00,,
21500,3464,330,10,,5,1,2024-10-18 10:17:17+00,,
21501,3464,1054,10,,6,1,2024-10-18 10:18:02+00,,
21502,3464,334,10,,6,1,2024-10-18 10:20:13+00,,
21503,3464,336,10,,6,1,2024-10-18 10:21:25+00,,
21504,3464,329,10,,6,1,2024-10-18 10:24:53+00,,
21505,3464,357,10,,6,1,2024-10-18 10:25:30+00,,
21506,3464,1491,10,,6,-1,2024-10-18 10:28:47+00,,
21507,3464,1493,10,,6,1,2024-10-18 10:34:35+00,,
21508,3464,338,10,,6,1,2024-10-18 10:35:51+00,,
21509,3464,351,10,,6,1,2024-10-18 10:37:13+00,,
21510,3464,1054,10,,6,1,2024-10-18 10:38:21+00,,
21511,3464,334,10,,6,1,2024-10-18 10:38:37+00,,
21512,3474,340,10,,2,1,2024-10-18 12:14:00+00,,
21513,3474,353,10,,3,1,2024-10-18 12:15:15+00,,
21514,3474,1477,10,,4,1,2024-10-18 12:20:48+00,,
21515,3474,355,10,,5,1,2024-10-18 12:21:33+00,,
21516,3474,338,10,,6,1,2024-10-18 12:25:05+00,,
21517,3472,1052,10,,1,0,2024-10-19 02:37:24+00,,
21518,3475,1478,10,,1,1,2024-10-19 02:53:13+00,,
21519,3472,328,10,,1,1,2024-10-19 02:59:28+00,,
21520,3475,1495,10,,2,1,2024-10-19 03:06:19+00,,
21521,3472,1495,10,,2,1,2024-10-19 03:14:24+00,,
21522,3475,1488,10,,3,1,2024-10-19 03:16:21+00,,
21523,3472,1488,10,,3,1,2024-10-19 03:22:34+00,,
21524,3475,1477,10,,4,1,2024-10-19 03:23:45+00,,
21525,3472,1477,10,,4,1,2024-10-19 03:29:16+00,,
21526,3475,355,10,,5,1,2024-10-19 03:30:02+00,,
21527,3475,338,10,,6,1,2024-10-19 03:32:17+00,,
21528,3475,351,10,,6,1,2024-10-19 03:33:38+00,,
21529,3475,1054,10,,6,1,2024-10-19 03:34:41+00,,
21530,3475,334,10,,6,-1,2024-10-19 03:35:45+00,,
21531,3475,336,10,,6,1,2024-10-19 03:36:22+00,,
21532,3472,355,10,,5,1,2024-10-19 03:37:42+00,,
21533,3472,338,10,,6,0,2024-10-19 03:41:13+00,,
21534,3472,330,10,,5,1,2024-10-19 03:43:29+00,,
21535,3472,351,10,,6,1,2024-10-19 03:54:16+00,,
21536,3472,1054,10,,6,1,2024-10-19 03:55:23+00,,
21537,3472,334,10,,6,1,2024-10-19 05:02:34+00,,
21538,3472,336,10,,6,1,2024-10-19 05:05:02+00,,
21539,3472,329,10,,6,1,2024-10-19 05:06:59+00,,
21540,3472,357,10,,6,1,2024-10-19 05:08:17+00,,
21541,3472,1491,10,,6,0,2024-10-19 05:13:47+00,,
21542,3472,339,10,,5,1,2024-10-19 07:11:51+00,,
21543,3472,1493,10,,6,0,2024-10-19 07:14:48+00,,
21544,3472,345,10,,5,0,2024-10-19 07:16:55+00,,
21545,3472,1499,10,,4,1,2024-10-19 07:26:08+00,,
21546,3472,1494,10,,5,0,2024-10-19 07:31:27+00,,
21547,3472,1484,10,,4,0,2024-10-19 07:39:58+00,,
21548,3472,353,10,,3,1,2024-10-19 09:05:59+00,,
21549,3472,1485,10,,4,0,2024-10-19 09:07:03+00,,
21550,3472,1476,10,,3,0,2024-10-19 09:16:58+00,,
21551,3472,359,10,,2,0,2024-10-19 09:23:40+00,,
21552,3456,1473,10,,1,0,2024-10-19 09:59:40+00,,
21553,3456,326,10,,1,0,2024-10-19 09:59:52+00,,
21554,3456,360,10,,1,0,2024-10-19 10:01:49+00,,
21555,3456,346,10,,1,0,2024-10-19 10:02:00+00,,
21556,3456,328,10,,1,1,2024-10-19 10:03:11+00,,
21557,3456,1495,10,,2,0,2024-10-19 10:09:44+00,,
21558,3456,332,10,,1,1,2024-10-19 10:11:58+00,,
21559,3456,347,10,,2,1,2024-10-19 10:14:06+00,,
21560,3456,1488,10,,3,1,2024-10-19 10:14:56+00,,
21561,3456,1477,10,,4,1,2024-10-19 10:17:21+00,,
21562,3456,355,10,,5,1,2024-10-19 10:18:57+00,,
21563,3456,338,10,,6,1,2024-10-19 10:19:52+00,,
21564,3456,351,10,,6,1,2024-10-19 10:20:55+00,,
21565,3456,1054,10,,6,1,2024-10-19 10:21:41+00,,
21566,3456,334,10,,6,0,2024-10-19 10:22:57+00,,
21567,3456,330,10,,5,1,2024-10-19 10:26:05+00,,
21568,3456,336,10,,6,1,2024-10-19 10:27:26+00,,
21569,3456,329,10,,6,1,2024-10-19 10:27:56+00,,
21570,3456,357,10,,6,1,2024-10-19 10:30:29+00,,
21571,3456,1491,10,,6,0,2024-10-19 10:33:20+00,,
21572,3456,339,10,,5,1,2024-10-19 10:38:47+00,,
21573,3456,1493,10,,6,1,2024-10-19 10:42:02+00,,
21574,3456,338,10,,6,1,2024-10-19 10:43:03+00,,
21575,3456,351,10,,6,1,2024-10-19 10:47:15+00,,
21576,3456,1054,10,,6,1,2024-10-19 10:49:16+00,,
21577,3473,360,10,,1,1,2024-10-20 03:42:07+00,,
21578,3473,340,10,,2,0,2024-10-20 03:42:26+00,,
21579,3473,337,10,,1,1,2024-10-20 03:44:20+00,,
21580,3473,1479,10,,2,0,2024-10-20 03:44:53+00,,
21581,3473,332,10,,1,0,2024-10-20 03:45:21+00,,
21582,3474,351,10,,6,0,2024-10-20 06:27:32+00,,
21583,3474,330,10,,5,1,2024-10-20 06:29:07+00,,
21584,3474,1054,10,,6,1,2024-10-20 06:30:08+00,,
21585,3474,334,10,,6,0,2024-10-20 06:33:33+00,,
21586,3474,339,10,,5,1,2024-10-20 06:34:32+00,,
21587,3474,336,10,,6,0,2024-10-20 06:36:29+00,,
21588,3474,345,10,,5,1,2024-10-20 06:37:27+00,,
21589,3474,329,10,,6,1,2024-10-20 06:37:57+00,,
21590,3474,357,10,,6,1,2024-10-20 06:38:27+00,,
21591,3474,1491,10,,6,1,2024-10-20 06:39:23+00,,
21592,3449,360,10,,1,1,2024-10-20 10:13:40+00,,
21593,3449,1495,10,,2,1,2024-10-20 10:14:23+00,,
21594,3449,1488,10,,3,0,2024-10-20 10:15:12+00,,
21595,3449,359,10,,2,0,2024-10-20 10:25:58+00,,
21596,3449,328,10,,1,0,2024-10-20 10:26:48+00,,
21597,3449,337,10,,1,1,2024-10-20 10:29:42+00,,
21598,3449,347,10,,2,1,2024-10-20 10:30:45+00,,
21599,3449,353,10,,3,0,2024-10-20 10:32:01+00,,
21600,3449,340,10,,2,1,2024-10-20 10:33:42+00,,
21601,3449,1476,10,,3,-1,2024-10-20 10:34:30+00,,
21602,3473,1500,10,,1,0,2024-10-20 12:21:26+00,,
21603,3473,1052,10,,1,0,2024-10-20 12:21:49+00,,
21604,3473,331,10,,1,0,2024-10-20 12:27:20+00,,
21605,3473,2092,10,,1,1,2024-10-20 12:28:10+00,,
21606,3473,341,10,,2,1,2024-10-20 12:29:49+00,,
21607,3473,353,10,,3,0,2024-10-20 14:04:32+00,,
21608,3473,1496,10,,2,1,2024-10-20 14:04:48+00,,
21609,3473,1476,10,,3,0,2024-10-20 14:30:33+00,,
21610,3473,1495,10,,2,0,2024-10-20 14:32:56+00,,
21611,3473,2090,10,,1,1,2024-10-20 14:36:22+00,,
21612,3473,359,10,,2,0,2024-10-21 07:16:47+00,,
21613,3473,2068,10,,1,1,2024-10-21 07:22:07+00,,
21614,3473,347,10,,2,0,2024-10-21 07:23:06+00,,
21615,3473,1478,10,,1,1,2024-10-21 07:24:57+00,,
21616,3473,340,10,,2,1,2024-10-21 07:30:29+00,,
21617,3454,337,10,,1,1,2024-10-21 08:48:41+00,,
21618,3454,1495,10,,2,0,2024-10-21 08:51:42+00,,
21619,3454,360,10,,1,1,2024-10-21 08:53:38+00,,
21620,3454,347,10,,2,1,2024-10-21 08:57:59+00,,
21621,3454,1488,10,,3,1,2024-10-21 08:59:54+00,,
21622,3454,1477,10,,4,1,2024-10-21 09:01:41+00,,
21623,3454,355,10,,5,1,2024-10-21 09:02:28+00,,
21624,3454,338,10,,6,1,2024-10-21 09:03:28+00,,
21625,3454,351,10,,6,0,2024-10-21 09:04:48+00,,
21626,3454,330,10,,5,1,2024-10-21 09:05:16+00,,
21627,3454,1054,10,,6,0,2024-10-21 09:55:46+00,,
21628,3454,339,10,,5,1,2024-10-21 09:55:49+00,,
21629,3454,334,10,,6,1,2024-10-21 09:55:51+00,,
21630,3454,336,10,,6,0,2024-10-21 09:55:53+00,,
21631,3454,345,10,,5,0,2024-10-21 09:55:56+00,,
21632,3454,1499,10,,4,1,2024-10-21 10:05:16+00,,
21633,3454,1494,10,,5,1,2024-10-21 10:15:51+00,,
21634,3473,356,10,,3,1,2024-10-21 10:29:07+00,,
21635,3454,329,10,,6,1,2024-10-21 10:30:20+00,,
21636,3454,357,10,,6,1,2024-10-21 10:32:14+00,,
21637,3473,1477,10,,4,0,2024-10-21 10:48:12+00,,
21638,3473,1475,10,,3,1,2024-10-21 10:52:00+00,,
21639,3473,1499,10,,4,0,2024-10-21 10:57:09+00,,
21640,3473,342,10,,3,1,2024-10-21 11:00:00+00,,
21641,3454,1491,10,,6,1,2024-10-21 11:01:33+00,,
21642,3476,331,10,,1,0,2024-10-22 09:20:46+00,,
21643,3476,328,10,,1,1,2024-10-22 09:21:21+00,,
21644,3476,1495,10,,2,0,2024-10-22 09:22:09+00,,
21645,3476,1473,10,,1,0,2024-10-22 09:25:17+00,,
21646,3476,326,10,,1,0,2024-10-22 09:25:31+00,,
21647,3476,360,10,,1,1,2024-10-22 09:28:30+00,,
21648,3476,347,10,,2,1,2024-10-22 09:29:33+00,,
21649,3476,1488,10,,3,1,2024-10-22 09:30:18+00,,
21650,3476,1477,10,,4,1,2024-10-22 09:31:58+00,,
21651,3476,330,10,,5,1,2024-10-22 09:33:20+00,,
21652,997,397,5,5,1,1,2024-10-24 01:22:35+00,,
21653,997,400,5,5,2,0,2024-10-24 01:23:48+00,,
21654,997,398,5,5,1,0,2024-10-24 01:25:33+00,,
21655,997,309,5,5,1,1,2024-10-24 01:25:55+00,,
21656,997,389,5,5,2,1,2024-10-24 01:26:05+00,,
21657,997,403,5,5,2,1,2024-10-24 01:29:00+00,,
21658,997,388,5,5,2,1,2024-10-24 01:29:08+00,,
21659,997,405,5,5,2,1,2024-10-24 01:29:24+00,,
21660,997,410,5,5,2,1,2024-10-24 01:29:38+00,,
21661,997,407,5,5,2,1,2024-10-24 01:30:23+00,,
21662,80,664,7,2,3,0,2024-10-27 04:33:22+00,,
21663,80,1556,7,2,2,1,2024-10-27 04:33:26+00,,
21664,80,662,7,2,3,1,2024-10-27 04:33:30+00,,
21665,80,1521,7,2,4,0,2024-10-27 04:33:32+00,,
21666,80,1560,7,2,3,0,2024-10-27 04:33:36+00,,
21667,3464,1170,5,44,1,-1,2024-10-30 04:23:30+00,,
21668,3464,2163,5,44,1,-1,2024-10-30 04:24:53+00,,
21669,3464,1181,5,44,1,-1,2024-10-30 04:24:58+00,,
21670,80,569,25,,1,0,2024-10-30 04:28:07+00,,
21671,80,551,25,,1,0,2024-10-30 04:28:14+00,,
21672,80,574,25,,1,0,2024-10-30 04:28:19+00,,
21673,80,567,25,,1,1,2024-10-30 04:28:23+00,,
21674,80,560,25,,2,1,2024-10-30 04:28:36+00,,
21675,3464,1164,5,44,1,0,2024-10-30 04:34:56+00,,
21676,3464,1167,5,44,1,-1,2024-10-30 04:35:04+00,,
21677,3389,309,5,5,1,0,2024-10-30 07:25:22+00,,
21678,3389,400,5,5,1,1,2024-10-30 07:25:29+00,,
21679,3389,390,5,5,2,1,2024-10-30 07:25:36+00,,
21680,80,309,5,5,1,0,2024-10-30 07:26:19+00,,
21681,80,400,5,5,1,0,2024-10-30 07:26:21+00,,
21682,80,714,5,5,1,1,2024-10-30 07:26:24+00,,
21683,80,390,5,5,2,0,2024-10-30 07:26:27+00,,
21684,80,1993,5,5,1,0,2024-10-30 07:26:30+00,,
21685,80,414,5,5,1,0,2024-10-30 07:26:46+00,,
21686,80,1123,5,5,1,0,2024-10-30 07:26:49+00,,
21687,80,391,5,5,1,0,2024-10-30 07:26:51+00,,
21688,80,400,5,5,1,0,2024-10-30 07:26:55+00,,
21689,80,714,5,5,1,0,2024-10-30 07:26:58+00,,
21690,37,1739,18,7,1,0,2024-10-31 11:47:47+00,,
21691,37,633,18,7,1,0,2024-10-31 11:47:52+00,,
21692,37,125,18,7,1,-1,2024-10-31 11:47:58+00,,
21693,37,639,18,7,1,1,2024-10-31 11:48:02+00,,
21694,37,139,18,7,2,0,2024-10-31 11:48:08+00,,
21695,3389,1413,28,47,1,1,2024-11-04 08:40:14+00,,
21696,3389,1343,28,47,2,1,2024-11-04 08:40:19+00,,
21697,3389,1342,28,47,3,1,2024-11-04 08:40:25+00,,
21698,3389,1340,28,47,3,0,2024-11-04 08:44:33+00,,
21699,3389,1344,28,47,2,0,2024-11-04 08:44:56+00,,
21700,3389,1339,28,47,1,0,2024-11-04 08:52:47+00,,
21701,3389,1411,28,47,1,0,2024-11-04 08:52:49+00,,
21702,3389,1417,28,47,1,0,2024-11-04 08:52:50+00,,
21703,3389,1418,28,47,1,0,2024-11-04 08:52:54+00,,
21704,3389,1419,28,47,1,1,2024-11-04 08:53:14+00,,
21705,3389,1346,28,47,2,1,2024-11-04 08:53:17+00,,
21706,3389,1353,28,47,3,0,2024-11-04 08:53:20+00,,
21707,3389,1345,28,47,2,0,2024-11-04 08:53:23+00,,
21708,3389,1341,28,47,1,0,2024-11-04 08:53:26+00,,
21709,3389,1348,28,47,1,1,2024-11-04 08:56:16+00,,
21710,3389,1347,28,47,2,0,2024-11-04 08:56:19+00,,
21711,3389,1412,28,47,1,1,2024-11-04 08:56:21+00,,
21712,3389,1351,28,47,2,0,2024-11-04 08:56:24+00,,
21713,3389,1414,28,47,1,0,2024-11-04 08:56:26+00,,
21714,3389,1349,28,47,1,0,2024-11-04 09:10:10+00,,
21715,3389,1409,28,47,1,1,2024-11-04 09:10:15+00,,
21716,3389,1352,28,47,2,0,2024-11-04 09:10:19+00,,
21717,3389,1410,28,47,1,0,2024-11-04 09:10:23+00,,
21718,3389,1415,28,47,1,0,2024-11-04 09:10:27+00,,
21719,3389,1754,25,,1,0,2024-11-04 09:10:50+00,,
21720,3389,1745,25,,1,0,2024-11-04 09:10:52+00,,
21721,3389,1742,25,,1,0,2024-11-04 09:10:54+00,,
21722,3389,1751,25,,1,0,2024-11-04 09:10:56+00,,
21723,3389,1760,25,,1,0,2024-11-04 09:10:58+00,,
21724,80,2082,10,,1,0,2024-11-07 07:05:12+00,,
21725,80,2084,10,,1,0,2024-11-07 07:05:17+00,,
21726,80,2086,10,,1,0,2024-11-07 07:05:22+00,,
21727,80,2088,10,,1,-1,2024-11-07 07:05:27+00,,
21728,80,2072,10,,1,1,2024-11-07 07:05:32+00,,
21729,3342,1225,4,3,3,0,2024-11-12 02:52:05+00,,
21730,3342,1227,4,3,2,1,2024-11-12 02:52:19+00,,
21731,3342,252,4,3,3,1,2024-11-12 02:52:24+00,,
21732,3342,144,4,3,4,0,2024-11-12 02:52:27+00,,
21733,3342,442,4,3,3,0,2024-11-12 02:52:30+00,,
21734,3342,888,16,,2,0,2024-11-12 03:39:10+00,,
21735,3342,829,16,,1,0,2024-11-12 03:39:13+00,,
21736,3342,830,16,,1,1,2024-11-12 03:39:15+00,,
21737,3342,907,16,,2,0,2024-11-12 03:39:18+00,,
21738,3342,831,16,,1,0,2024-11-12 03:39:20+00,,
21739,3389,2082,10,,1,0,2024-11-15 02:38:22+00,,
21740,466,826,12,13,1,0,2024-11-20 04:25:09+00,,
21741,466,1053,12,13,1,0,2024-11-20 04:25:16+00,,
21742,466,1011,12,13,1,1,2024-11-20 04:25:21+00,,
21743,466,911,12,13,2,0,2024-11-20 04:25:26+00,,
21744,466,152,12,13,1,0,2024-11-20 04:25:33+00,,
21745,3485,2058,12,13,1,1,2024-11-22 15:08:55+00,,
21746,3485,820,12,13,2,1,2024-11-22 15:11:12+00,,
21747,3485,822,12,13,3,0,2024-11-22 15:13:11+00,,
21748,3485,911,12,13,2,1,2024-11-22 15:19:05+00,,
21749,3485,823,12,13,3,1,2024-11-22 15:20:58+00,,
21750,3485,821,12,13,4,0,2024-11-23 15:58:16+00,,
21751,3485,861,12,13,3,-1,2024-11-23 15:59:34+00,,
21752,3485,862,12,13,3,0,2024-11-23 16:03:25+00,,
21753,3485,858,12,13,2,1,2024-11-23 16:09:28+00,,
21754,3485,1004,12,13,3,1,2024-11-23 16:13:20+00,,
21755,3485,1012,12,13,4,1,2024-11-23 16:25:08+00,,
21756,3485,1208,12,13,4,0,2024-11-23 16:32:31+00,,
21757,3485,1007,12,13,3,0,2024-11-23 16:43:07+00,,
21758,3485,859,12,13,2,1,2024-11-23 17:02:22+00,,
21759,3485,1008,12,13,3,0,2024-11-23 17:06:45+00,,
21760,3485,860,12,13,2,0,2024-11-23 18:03:47+00,,
21761,3485,1053,12,13,1,1,2024-11-23 18:04:47+00,,
21762,3485,867,12,13,2,0,2024-11-23 18:09:30+00,,
21763,3485,1011,12,13,1,1,2024-11-23 18:20:07+00,,
21764,3485,154,12,13,2,1,2024-11-23 18:26:36+00,,
21765,3485,864,12,13,3,0,2024-11-24 08:57:05+00,,
21766,3485,863,12,13,2,0,2024-11-24 09:13:24+00,,
21767,3485,152,12,13,1,0,2024-11-24 09:26:48+00,,
21768,3485,824,12,13,1,1,2024-11-24 09:29:15+00,,
21769,3485,866,12,13,2,0,2024-11-24 09:49:01+00,,
21770,3485,827,12,13,1,0,2024-11-24 10:02:01+00,,
21771,3485,1696,12,13,1,1,2024-11-24 10:15:21+00,,
21772,3485,818,12,13,2,1,2024-11-24 10:28:12+00,,
21773,3485,865,12,13,3,1,2024-11-24 10:30:28+00,,
21774,3485,910,12,13,4,1,2024-11-24 10:35:07+00,,
21775,3485,1005,12,13,4,1,2024-11-24 10:47:03+00,,
21776,3485,1209,12,13,4,0,2024-11-24 10:53:14+00,,
21777,3485,1014,12,13,3,0,2024-11-24 10:54:56+00,,
21778,3485,820,12,13,2,1,2024-11-24 11:08:58+00,,
21779,3485,822,12,13,3,0,2024-11-24 11:27:34+00,,
21780,3485,911,12,13,2,1,2024-11-24 11:55:59+00,,
21781,3485,823,12,13,3,1,2024-11-24 12:27:04+00,,
21782,3485,821,12,13,4,1,2024-11-24 12:36:53+00,,
21783,3485,1010,12,13,4,1,2024-11-24 13:00:37+00,,
21784,3485,149,12,13,4,0,2024-11-24 13:15:54+00,,
21785,3485,861,12,13,3,1,2024-11-24 13:49:58+00,,
21786,3485,1012,12,13,4,1,2024-11-24 13:52:08+00,,
21787,3485,1208,12,13,4,1,2024-11-24 14:01:17+00,,
21788,3485,910,12,13,4,1,2024-11-24 14:08:36+00,,
21789,3485,821,12,13,4,1,2024-11-24 14:13:26+00,,
21790,3485,1005,12,13,4,1,2024-11-26 13:32:14+00,,
21791,3485,1209,12,13,4,1,2024-11-26 13:57:27+00,,
21792,3485,1012,12,13,4,1,2024-11-26 14:02:25+00,,
21793,3485,1208,12,13,4,1,2024-11-26 14:06:47+00,,
21794,3485,910,12,13,4,1,2024-11-26 14:12:09+00,,
21795,3485,821,12,13,4,1,2024-11-26 14:17:36+00,,
21796,3485,1005,12,13,4,1,2024-11-26 14:21:53+00,,
21797,3485,1209,12,13,4,1,2024-11-26 14:22:36+00,,
21798,3485,1012,12,13,4,1,2024-11-26 14:22:49+00,,
21799,3485,1208,12,13,4,1,2024-11-26 14:23:08+00,,
21800,3485,910,12,13,4,1,2024-11-26 14:23:49+00,,
21801,3485,821,12,13,4,1,2024-11-26 14:24:01+00,,
21802,3485,1005,12,13,4,1,2024-11-26 14:24:15+00,,
21803,3485,1209,12,13,4,1,2024-11-26 14:24:37+00,,
21804,3485,1012,12,13,4,1,2024-11-26 14:24:51+00,,
21805,3486,2056,12,13,1,1,2024-11-27 01:31:01+00,,
21806,3486,820,12,13,2,1,2024-11-27 01:32:27+00,,
21807,3486,822,12,13,3,0,2024-11-27 01:47:07+00,,
21808,3486,911,12,13,2,1,2024-11-27 01:56:02+00,,
21809,3486,823,12,13,3,1,2024-11-27 01:56:48+00,,
21810,3486,821,12,13,4,0,2024-11-27 05:14:19+00,,
21811,3486,861,12,13,3,0,2024-11-27 05:17:21+00,,
21812,3486,858,12,13,2,1,2024-11-27 05:23:42+00,,
21813,3486,862,12,13,3,1,2024-11-27 05:25:15+00,,
21814,3486,1012,12,13,4,1,2024-11-27 05:26:01+00,,
21815,3486,1208,12,13,4,1,2024-11-27 05:28:43+00,,
21816,3486,910,12,13,4,1,2024-11-27 05:29:41+00,,
21817,3486,1005,12,13,4,1,2024-11-27 05:30:15+00,,
21818,3486,1209,12,13,4,1,2024-11-27 05:33:51+00,,
21819,3486,1010,12,13,4,1,2024-11-27 05:35:04+00,,
21820,3487,739,12,12,1,1,2024-11-27 06:31:42+00,,
21821,3487,280,12,12,2,-1,2024-11-27 06:35:02+00,,
21822,3487,955,12,12,2,0,2024-11-27 06:35:15+00,,
21823,3487,736,12,12,1,-1,2024-11-27 06:36:16+00,,
21824,3487,1807,12,12,1,-1,2024-11-27 06:36:45+00,,
21825,3488,805,12,12,1,0,2024-12-02 04:26:46+00,,
21826,3488,749,12,12,1,0,2024-12-02 04:27:06+00,,
21827,3488,804,12,12,1,0,2024-12-02 04:27:11+00,,
21828,3488,736,12,12,1,0,2024-12-02 04:27:15+00,,
21829,3488,1022,12,12,1,0,2024-12-02 04:27:19+00,,
21830,3484,1950,12,13,1,0,2024-12-02 07:09:58+00,,
21831,3484,1053,12,13,1,1,2024-12-02 07:10:52+00,,
21832,3484,911,12,13,2,0,2024-12-02 07:13:46+00,,
21833,3484,1011,12,13,1,0,2024-12-02 07:14:51+00,,
21834,3484,152,12,13,1,1,2024-12-02 07:34:57+00,,
21835,3484,152,12,13,1,1,2024-12-02 07:35:31+00,,
21836,3484,860,12,13,2,1,2024-12-02 07:38:21+00,,
21837,3484,860,12,13,2,1,2024-12-02 07:38:30+00,,
21838,3484,822,12,13,3,0,2024-12-02 07:40:34+00,,
21839,3484,822,12,13,3,0,2024-12-02 07:42:30+00,,
21840,3484,820,12,13,2,1,2024-12-02 07:45:05+00,,
21841,3484,820,12,13,2,1,2024-12-02 07:45:32+00,,
21842,3484,823,12,13,3,1,2024-12-02 07:47:40+00,,
21843,3484,823,12,13,3,1,2024-12-02 07:47:45+00,,
21844,3484,821,12,13,4,0,2024-12-02 07:59:35+00,,
21845,3484,821,12,13,4,0,2024-12-02 08:05:11+00,,
21846,3484,861,12,13,3,1,2024-12-02 08:07:13+00,,
21847,3484,861,12,13,3,1,2024-12-02 08:07:22+00,,
21848,3484,1012,12,13,4,1,2024-12-02 08:09:15+00,,
21849,3484,1012,12,13,4,1,2024-12-02 08:09:29+00,,
21850,3484,1208,12,13,4,1,2024-12-02 08:11:45+00,,
21851,3484,1208,12,13,4,1,2024-12-02 08:12:00+00,,
21852,3484,910,12,13,4,1,2024-12-02 08:15:33+00,,
21853,3484,1005,12,13,4,1,2024-12-02 08:26:06+00,,
21854,3484,1005,12,13,4,1,2024-12-02 08:26:13+00,,
21855,3484,1209,12,13,4,1,2024-12-02 08:30:12+00,,
21856,3484,1209,12,13,4,1,2024-12-02 08:30:44+00,,
21857,3484,1010,12,13,4,1,2024-12-02 08:33:11+00,,
21858,3484,1010,12,13,4,1,2024-12-02 08:33:26+00,,
21859,3484,149,12,13,4,0,2024-12-02 08:41:06+00,,
21860,3484,149,12,13,4,1,2024-12-02 08:41:43+00,,
21861,3484,821,12,13,4,0,2024-12-02 08:45:42+00,,
21862,3484,862,12,13,3,1,2024-12-02 08:56:24+00,,
21863,3484,1012,12,13,4,1,2024-12-08 13:33:33+00,,
21864,3484,1012,12,13,4,1,2024-12-08 13:34:25+00,,
21865,3484,1208,12,13,4,1,2024-12-08 13:37:55+00,,
21866,3484,1208,12,13,4,1,2024-12-08 13:38:29+00,,
21867,3484,910,12,13,4,1,2024-12-08 13:41:57+00,,
21868,3484,910,12,13,4,1,2024-12-08 13:42:50+00,,
21869,3484,1005,12,13,4,1,2024-12-08 13:47:11+00,,
21870,3484,1005,12,13,4,1,2024-12-08 13:47:30+00,,
21871,3484,1209,12,13,4,0,2024-12-08 13:50:37+00,,
21872,3484,1209,12,13,4,0,2024-12-08 13:54:09+00,,
21873,3492,804,12,12,1,0,2024-12-09 11:31:15+00,,
21874,3492,749,12,12,1,1,2024-12-09 11:31:56+00,,
21875,3492,748,12,12,2,0,2024-12-09 11:32:44+00,,
21876,3492,805,12,12,1,0,2024-12-09 11:33:24+00,,
21877,3492,736,12,12,1,0,2024-12-09 11:33:53+00,,
21878,3492,2042,12,13,1,0,2024-12-09 11:34:47+00,,
21879,3492,1053,12,13,1,0,2024-12-09 11:35:35+00,,
21880,3492,1011,12,13,1,0,2024-12-09 11:36:10+00,,
21881,3492,152,12,13,1,0,2024-12-09 11:36:17+00,,
21882,3492,824,12,13,1,0,2024-12-09 11:36:52+00,,
21883,3492,2050,12,13,1,1,2024-12-09 11:38:18+00,,
21884,3492,911,12,13,2,0,2024-12-09 11:39:33+00,,
21885,3492,827,12,13,1,1,2024-12-09 11:40:12+00,,
21886,3492,860,12,13,2,0,2024-12-09 11:41:10+00,,
21887,3492,1696,12,13,1,0,2024-12-09 11:41:40+00,,
21888,3492,2180,12,13,1,0,2024-12-09 11:43:04+00,,
21889,3492,1950,12,13,1,0,2024-12-09 11:43:52+00,,
21890,3492,1952,12,13,1,-1,2024-12-09 11:44:01+00,,
21891,3492,1959,12,13,1,-1,2024-12-09 11:44:05+00,,
21892,3492,2047,12,13,1,-1,2024-12-09 11:44:10+00,,
21893,3493,1950,12,13,1,-1,2024-12-09 15:20:24+00,,
21894,3492,1022,12,12,1,1,2024-12-10 10:38:21+00,,
21895,3492,751,12,12,2,0,2024-12-10 10:39:12+00,,
21896,3492,965,12,12,1,0,2024-12-10 10:40:46+00,,
21897,3492,1807,12,12,1,0,2024-12-10 10:42:38+00,,
21898,3492,962,12,12,1,1,2024-12-10 10:43:32+00,,
21899,3492,809,12,12,2,1,2024-12-10 10:45:19+00,,
21900,3492,745,12,12,3,0,2024-12-10 10:45:41+00,,
21901,3492,810,12,12,2,0,2024-12-10 10:45:47+00,,
21902,3492,1017,12,12,1,1,2024-12-10 10:45:52+00,,
21903,3492,811,12,12,2,0,2024-12-10 10:46:03+00,,
21904,3492,1772,12,12,1,1,2024-12-10 10:48:31+00,,
21905,3492,812,12,12,2,1,2024-12-10 10:49:37+00,,
21906,3492,1020,12,12,3,1,2024-12-10 10:51:19+00,,
21907,3492,746,12,12,4,0,2024-12-10 10:53:11+00,,
21908,3492,279,12,12,3,1,2024-12-10 10:54:18+00,,
21909,3494,2179,5,44,1,-1,2024-12-12 09:03:10+00,,
21910,3494,2163,5,44,1,-1,2024-12-12 09:03:27+00,,
21911,3494,1181,5,44,1,-1,2024-12-12 09:03:42+00,,
21912,3494,1164,5,44,1,-1,2024-12-12 09:03:52+00,,
21913,3494,1167,5,44,1,-1,2024-12-12 09:04:00+00,,
21914,3389,1757,25,,1,0,2024-12-13 09:05:27+00,,
21915,3389,564,25,,1,1,2024-12-13 09:05:30+00,,
21916,3389,560,25,,2,1,2024-12-13 09:05:32+00,,
21917,3389,576,25,,3,0,2024-12-13 09:05:34+00,,
21918,3389,555,25,,2,0,2024-12-13 09:05:37+00,,
21919,913,2124,16,,1,-1,2024-12-14 06:56:14+00,,
21920,913,834,16,,1,0,2024-12-14 06:56:32+00,,
21921,913,160,16,,1,0,2024-12-14 06:56:45+00,,
21922,913,172,16,,1,0,2024-12-14 06:56:51+00,,
21923,913,892,16,,1,1,2024-12-14 06:57:01+00,,
21924,3496,1978,16,,1,0,2024-12-17 03:16:24+00,,
21925,3496,834,16,,1,0,2024-12-17 03:16:56+00,,
21926,3496,1668,5,44,1,-1,2024-12-17 03:19:00+00,,
21927,3389,699,25,,1,0,2024-12-20 02:30:49+00,,
21928,3389,562,25,,1,1,2024-12-20 02:30:53+00,,
21929,3389,2072,10,,1,0,2024-12-20 02:31:11+00,,
21930,3389,1709,25,,2,0,2024-12-20 03:22:59+00,,
21931,3389,556,25,,1,1,2024-12-20 03:23:02+00,,
21932,3389,548,25,,2,0,2024-12-20 03:23:05+00,,
21933,80,363,7,1,2,0,2024-12-20 03:23:55+00,,
21934,80,1645,7,1,1,0,2024-12-20 03:24:01+00,,
21935,80,369,7,1,1,0,2024-12-20 03:24:05+00,,
21936,80,371,7,1,1,0,2024-12-20 03:24:16+00,,
21937,80,498,7,1,1,0,2024-12-20 03:24:20+00,,
21938,80,1751,25,,3,0,2024-12-20 03:24:38+00,,
21939,80,697,25,,2,0,2024-12-20 03:24:44+00,,
21940,80,700,25,,1,0,2024-12-20 03:24:49+00,,
21941,80,699,25,,1,0,2024-12-20 03:24:52+00,,
21942,80,571,25,,1,0,2024-12-20 03:24:56+00,,
21943,80,1765,18,7,1,1,2024-12-20 03:25:18+00,,
21944,80,136,18,7,2,0,2024-12-20 03:25:22+00,,
21945,80,1753,18,7,1,0,2024-12-20 03:25:26+00,,
21946,3342,693,3,37,2,0,2024-12-20 03:25:30+00,,
21947,80,1722,18,7,1,0,2024-12-20 03:25:30+00,,
21948,3342,1239,3,37,1,0,2024-12-20 03:25:35+00,,
21949,80,1756,18,7,1,0,2024-12-20 03:25:36+00,,
21950,3342,1958,3,37,1,0,2024-12-20 03:25:44+00,,
21951,3342,678,3,37,1,1,2024-12-20 03:25:52+00,,
21952,3342,85,3,37,2,1,2024-12-20 03:25:57+00,,
21953,3342,841,15,41,1,0,2024-12-20 03:26:18+00,,
21954,3342,902,15,41,1,0,2024-12-20 03:26:21+00,,
21955,80,275,4,3,4,0,2024-12-20 03:26:22+00,,
21956,80,579,4,3,3,0,2024-12-20 03:26:26+00,,
21957,80,580,4,3,2,0,2024-12-20 03:26:29+00,,
21958,80,93,4,3,1,0,2024-12-20 03:26:43+00,,
21959,80,145,4,3,1,0,2024-12-20 03:27:04+00,,
21960,3342,967,15,41,1,0,2024-12-20 03:27:14+00,,
21961,3342,840,15,41,1,0,2024-12-20 03:27:22+00,,
21962,3342,969,15,41,1,0,2024-12-20 03:27:26+00,,
21963,3342,992,15,41,1,0,2024-12-20 03:28:27+00,,
21964,3342,996,15,41,1,0,2024-12-20 03:28:33+00,,
21965,3342,902,15,41,1,0,2024-12-20 03:28:36+00,,
21966,3342,967,15,41,1,0,2024-12-20 03:29:22+00,,
21967,3342,840,15,41,1,0,2024-12-20 03:29:25+00,,
21968,3342,1554,7,2,6,0,2024-12-20 03:30:11+00,,
21969,3342,1574,7,2,5,1,2024-12-20 03:30:20+00,,
21970,3342,1555,7,2,6,1,2024-12-20 03:30:30+00,,
21971,3342,1556,7,2,6,1,2024-12-20 03:30:34+00,,
21972,3342,1549,7,2,6,1,2024-12-20 03:30:38+00,,
21973,3342,1557,7,2,6,1,2024-12-20 03:30:53+00,,
21974,3342,1558,7,2,6,1,2024-12-20 03:30:58+00,,
21975,3342,1570,7,2,6,1,2024-12-20 03:31:04+00,,
21976,3342,1571,7,2,6,1,2024-12-20 03:31:09+00,,
21977,3342,1527,7,2,6,1,2024-12-20 03:31:14+00,,
21978,3342,1542,7,2,6,1,2024-12-20 03:31:29+00,,
21979,3342,803,7,2,6,1,2024-12-20 03:31:36+00,,
21980,3342,1540,7,2,6,1,2024-12-20 03:31:40+00,,
21981,3342,801,7,2,6,1,2024-12-20 03:31:49+00,,
21982,3342,1538,7,2,6,1,2024-12-20 03:31:54+00,,
21983,3342,1543,7,2,6,1,2024-12-20 03:32:16+00,,
21984,3342,1545,7,2,6,1,2024-12-20 03:32:23+00,,
21985,3342,1519,7,2,6,1,2024-12-20 03:32:28+00,,
21986,3342,1522,7,2,6,1,2024-12-20 03:32:34+00,,
21987,3342,1876,7,2,6,1,2024-12-20 03:32:39+00,,
21988,3342,1559,7,2,6,1,2024-12-20 03:32:56+00,,
21989,3342,1528,7,2,6,1,2024-12-20 03:33:01+00,,
21990,3342,1530,7,2,6,1,2024-12-20 03:33:06+00,,
21991,3342,1885,7,2,6,1,2024-12-20 03:33:13+00,,
21992,3342,799,7,2,6,1,2024-12-20 03:33:18+00,,
21993,3342,1558,7,2,6,1,2024-12-20 03:33:31+00,,
21994,3342,1520,7,2,6,1,2024-12-20 03:33:35+00,,
21995,3342,1532,7,2,6,1,2024-12-20 03:33:40+00,,
21996,3342,1559,7,2,6,1,2024-12-20 03:33:44+00,,
21997,3342,1876,7,2,6,1,2024-12-20 03:33:48+00,,
21998,3342,1885,7,2,6,1,2024-12-20 03:34:06+00,,
21999,3342,1554,7,2,6,1,2024-12-20 03:34:09+00,,
22000,3389,1761,28,47,1,1,2024-12-20 08:49:43+00,,
22001,3389,1746,28,47,2,0,2024-12-20 08:49:46+00,,
22002,3389,1764,28,47,1,0,2024-12-20 08:49:50+00,,
22003,3389,1733,28,47,1,0,2024-12-20 08:49:52+00,,
22004,3389,1738,28,47,1,1,2024-12-20 08:50:00+00,,
22005,3455,1756,18,7,1,1,2024-12-23 12:29:43+00,,
22006,3455,125,18,7,2,1,2024-12-23 12:50:39+00,,
22007,3455,1739,18,7,3,0,2024-12-23 12:51:34+00,,
22008,3455,127,18,7,2,0,2024-12-23 12:51:56+00,,
22009,3455,1753,18,7,1,0,2024-12-23 12:52:37+00,,
22010,3389,1740,25,,1,0,2024-12-23 12:55:28+00,,
22011,3389,557,25,,1,0,2024-12-23 12:55:30+00,,
22012,3389,1737,25,,1,0,2024-12-23 12:55:32+00,,
22013,3389,575,25,,1,0,2024-12-23 12:55:34+00,,
22014,3389,561,25,,1,0,2024-12-23 12:55:36+00,,
22015,3464,134,18,7,1,0,2024-12-24 10:10:17+00,,
22016,3464,1756,18,7,1,1,2024-12-24 10:12:17+00,,
22017,3464,125,18,7,2,1,2024-12-24 10:16:52+00,,
22018,3464,140,18,7,3,0,2024-12-24 10:18:26+00,,
22019,3464,127,18,7,2,1,2024-12-24 10:28:02+00,,
22020,3464,653,18,7,3,0,2024-12-24 10:29:42+00,,
22021,3464,635,18,7,2,0,2024-12-24 10:29:57+00,,
22022,3464,1753,18,7,1,0,2024-12-24 10:30:24+00,,
22023,3464,1722,18,7,1,-1,2024-12-24 10:30:53+00,,
22024,3464,124,18,7,1,1,2024-12-24 10:31:17+00,,
22025,3464,123,18,7,2,0,2024-12-24 10:32:15+00,,
22026,3464,636,18,7,1,0,2024-12-24 10:32:38+00,,
22027,3464,652,18,7,1,-1,2024-12-24 10:32:56+00,,
22028,3464,651,18,7,1,0,2024-12-24 10:33:39+00,,
22029,3464,650,18,7,1,1,2024-12-24 10:33:48+00,,
22030,3464,634,18,7,2,1,2024-12-24 10:35:33+00,,
22031,3464,1739,18,7,3,1,2024-12-24 10:36:14+00,,
22032,3464,1731,18,7,4,0,2024-12-24 10:40:32+00,,
22033,3464,1741,18,7,3,0,2024-12-24 10:40:42+00,,
22034,3464,136,18,7,2,-1,2024-12-24 10:41:43+00,,
22035,3464,135,18,7,2,0,2024-12-24 10:43:22+00,,
22036,3464,1765,18,7,1,1,2024-12-24 10:53:01+00,,
22037,3464,137,18,7,2,0,2024-12-24 10:55:54+00,,
22038,3464,645,18,7,1,0,2024-12-24 10:58:12+00,,
22039,3464,644,18,7,1,1,2024-12-24 10:58:24+00,,
22040,3472,644,18,7,1,1,2024-12-24 12:18:37+00,,
22041,3472,125,18,7,2,1,2024-12-24 12:21:20+00,,
22042,3472,638,18,7,3,0,2024-12-24 12:23:34+00,,
22043,3472,635,18,7,2,0,2024-12-24 12:25:33+00,,
22044,3472,124,18,7,1,1,2024-12-24 12:25:47+00,,
22045,3362,1765,18,7,1,0,2024-12-25 01:40:35+00,,
22046,3362,652,18,7,1,1,2024-12-25 01:41:44+00,,
22047,3362,635,18,7,2,1,2024-12-25 01:42:25+00,,
22048,3362,140,18,7,3,1,2024-12-25 01:43:18+00,,
22049,3362,1731,18,7,4,0,2024-12-25 01:44:29+00,,
22050,3362,437,18,11,1,1,2024-12-25 01:50:02+00,,
22051,3362,784,18,11,2,1,2024-12-25 01:51:42+00,,
22052,3362,2081,18,11,3,1,2024-12-25 01:53:53+00,,
22053,3362,2057,18,11,4,1,2024-12-25 01:54:32+00,,
22054,3362,779,18,11,4,0,2024-12-25 01:55:08+00,,
22055,3362,455,18,10,1,0,2024-12-25 01:58:09+00,,
22056,3362,454,18,10,1,1,2024-12-25 01:59:15+00,,
22057,3362,428,18,10,2,0,2024-12-25 02:01:18+00,,
22058,3362,426,18,10,1,1,2024-12-25 02:02:08+00,,
22059,3362,429,18,10,2,1,2024-12-25 02:03:20+00,,
22060,3362,2085,18,11,3,1,2024-12-25 02:05:12+00,,
22061,3362,778,18,11,4,-1,2024-12-25 02:14:25+00,,
22062,3362,782,18,11,4,-1,2024-12-25 02:17:27+00,,
22063,3362,2087,18,11,3,1,2024-12-25 02:17:39+00,,
22064,3362,781,18,11,4,1,2024-12-25 02:18:51+00,,
22065,3472,123,18,7,2,1,2024-12-26 06:26:34+00,,
22066,3472,1739,18,7,3,1,2024-12-26 06:27:17+00,,
22067,3472,1731,18,7,4,0,2024-12-26 06:28:59+00,,
22068,3472,653,18,7,3,0,2024-12-26 06:29:27+00,,
22069,3472,127,18,7,2,0,2024-12-26 06:33:18+00,,
22070,3472,1765,18,7,1,0,2024-12-26 06:34:27+00,,
22071,3472,650,18,7,1,0,2024-12-26 06:36:38+00,,
22072,3472,646,18,7,1,1,2024-12-26 06:40:23+00,,
22073,3472,634,18,7,2,1,2024-12-26 06:41:28+00,,
22074,3472,140,18,7,3,0,2024-12-26 06:42:11+00,,
22075,3472,136,18,7,2,1,2024-12-26 06:44:51+00,,
22076,3472,128,18,7,3,1,2024-12-26 06:45:15+00,,
22077,3472,1762,18,7,4,1,2024-12-26 06:45:54+00,,
22078,3472,1734,18,7,4,1,2024-12-26 06:48:25+00,,
22079,3472,647,18,7,4,0,2024-12-26 06:49:18+00,,
22080,3472,1741,18,7,3,0,2024-12-26 06:53:23+00,,
22081,3472,135,18,7,2,0,2024-12-26 06:53:56+00,,
22082,3472,651,18,7,1,0,2024-12-26 06:55:10+00,,
22083,3472,652,18,7,1,0,2024-12-26 06:55:40+00,,
22084,3472,134,18,7,1,0,2024-12-26 06:56:00+00,,
22085,3472,645,18,7,1,0,2024-12-26 06:57:09+00,,
22086,3472,1756,18,7,1,1,2024-12-26 06:57:41+00,,
22087,3472,137,18,7,2,0,2024-12-26 06:58:19+00,,
22088,3472,1753,18,7,1,1,2024-12-26 06:58:44+00,,
22089,3472,138,18,7,2,0,2024-12-26 06:58:58+00,,
22090,3472,1722,18,7,1,1,2024-12-26 07:05:46+00,,
22091,3472,130,18,7,2,0,2024-12-26 07:06:00+00,,
22092,3472,636,18,7,1,1,2024-12-26 07:06:08+00,,
22093,3472,1771,18,7,2,1,2024-12-26 07:06:27+00,,
22094,3472,638,18,7,3,1,2024-12-26 07:06:35+00,,
22095,3472,642,18,7,4,0,2024-12-26 07:09:23+00,,
22096,3472,1744,18,7,3,0,2024-12-26 07:09:49+00,,
22097,3472,122,18,7,2,0,2024-12-26 07:10:01+00,,
22098,3472,644,18,7,1,0,2024-12-26 07:10:08+00,,
22099,3472,131,18,7,1,0,2024-12-26 07:10:15+00,,
22100,3472,129,18,7,1,1,2024-12-26 10:13:36+00,,
22101,3472,635,18,7,2,1,2024-12-26 10:17:24+00,,
22102,3472,653,18,7,3,1,2024-12-26 10:17:31+00,,
22103,3472,1731,18,7,4,0,2024-12-26 10:20:56+00,,
22104,3472,1739,18,7,3,1,2024-12-26 10:21:15+00,,
22105,3472,1768,18,7,4,0,2024-12-26 10:24:00+00,,
22106,3472,140,18,7,3,1,2024-12-26 10:24:09+00,,
22107,3472,1736,18,7,4,1,2024-12-26 10:24:23+00,,
22108,3472,1716,18,7,4,1,2024-12-26 10:25:23+00,,
22109,3472,139,18,7,4,1,2024-12-26 10:32:24+00,,
22110,3472,647,18,7,4,1,2024-12-26 10:34:19+00,,
22111,3472,1734,18,7,4,1,2024-12-26 10:34:55+00,,
22112,3472,1750,18,7,4,1,2024-12-26 10:35:55+00,,
22113,3472,1719,18,7,4,1,2024-12-26 10:41:19+00,,
22114,3472,633,18,7,4,0,2024-12-26 10:45:49+00,,
22115,3472,132,18,7,3,0,2024-12-26 10:46:28+00,,
22116,3472,639,18,7,2,1,2024-12-26 10:47:06+00,,
22117,3472,128,18,7,3,0,2024-12-26 10:47:33+00,,
22118,3472,127,18,7,2,1,2024-12-26 10:47:47+00,,
22119,3472,643,18,7,3,0,2024-12-26 10:48:09+00,,
22120,3472,125,18,7,2,1,2024-12-26 10:49:05+00,,
22121,3472,1741,18,7,3,0,2024-12-26 10:49:21+00,,
22122,3472,123,18,7,2,0,2024-12-26 10:49:33+00,,
22123,3472,651,18,7,1,0,2024-12-26 10:49:47+00,,
22124,3472,650,18,7,1,0,2024-12-26 10:50:43+00,,
22125,3472,1765,18,7,1,0,2024-12-26 10:51:49+00,,
22126,3472,652,18,7,1,1,2024-12-26 10:51:56+00,,
22127,3472,634,18,7,2,1,2024-12-26 10:52:02+00,,
22128,3472,1744,18,7,3,0,2024-12-26 10:52:27+00,,
22129,3472,122,18,7,2,0,2024-12-26 10:52:37+00,,
22130,3472,1756,18,7,1,0,2024-12-26 10:53:34+00,,
22131,3472,646,18,7,1,0,2024-12-26 10:53:42+00,,
22132,3472,1753,18,7,1,1,2024-12-26 10:53:49+00,,
22133,3472,635,18,7,2,0,2024-12-26 10:53:58+00,,
22134,3472,1722,18,7,1,1,2024-12-26 10:54:03+00,,
22135,3472,141,18,7,2,0,2024-12-26 10:54:58+00,,
22136,3472,124,18,7,1,1,2024-12-26 10:55:05+00,,
22137,3472,1771,18,7,2,1,2024-12-26 10:55:11+00,,
22138,3472,1747,18,7,3,0,2024-12-26 10:55:25+00,,
22139,3472,138,18,7,2,1,2024-12-26 10:55:34+00,,
22140,3472,126,18,7,3,1,2024-12-26 10:56:34+00,,
22141,3472,1736,18,7,4,1,2024-12-26 10:56:49+00,,
22142,3472,647,18,7,4,1,2024-12-26 10:56:55+00,,
22143,3472,1734,18,7,4,1,2024-12-26 10:57:03+00,,
22144,3472,1768,18,7,4,1,2024-12-26 10:57:39+00,,
22145,3472,950,18,9,1,1,2024-12-26 11:00:01+00,,
22146,3472,236,18,9,2,0,2024-12-26 11:00:11+00,,
22147,3472,913,18,9,1,0,2024-12-26 11:00:28+00,,
22148,3472,1935,18,9,1,0,2024-12-26 11:00:37+00,,
22149,3472,914,18,9,1,0,2024-12-26 11:00:48+00,,
22150,3472,1929,18,9,1,0,2024-12-26 11:15:54+00,,
22151,3472,1779,18,9,1,1,2024-12-26 11:16:03+00,,
22152,3472,1941,18,9,2,1,2024-12-26 11:16:22+00,,
22153,3472,244,18,9,3,1,2024-12-26 11:16:47+00,,
22154,3472,88,18,9,4,1,2024-12-26 11:17:03+00,,
22155,3472,217,18,9,5,0,2024-12-26 11:37:10+00,,
22156,3472,228,18,9,4,1,2024-12-26 11:37:20+00,,
22157,3472,89,18,9,5,0,2024-12-26 11:37:28+00,,
22158,3472,230,18,9,4,0,2024-12-26 11:37:35+00,,
22159,3472,1777,18,9,3,0,2024-12-26 11:37:41+00,,
22160,3464,639,18,7,2,1,2024-12-26 11:39:45+00,,
22161,3472,1975,18,9,2,0,2024-12-26 11:41:11+00,,
22162,3464,1744,18,7,3,0,2024-12-26 11:41:33+00,,
22163,3472,1931,18,9,1,0,2024-12-26 11:41:33+00,,
22164,3472,1937,18,9,1,0,2024-12-26 11:41:47+00,,
22165,3472,1939,18,9,1,0,2024-12-26 11:41:57+00,,
22166,3472,1971,18,9,1,1,2024-12-26 11:42:06+00,,
22167,3472,248,18,9,2,1,2024-12-26 11:44:10+00,,
22168,3472,246,18,9,3,0,2024-12-26 11:44:25+00,,
22169,3472,249,18,9,2,0,2024-12-26 11:44:35+00,,
22170,3472,916,18,9,1,0,2024-12-26 11:44:47+00,,
22171,3472,961,18,9,1,0,2024-12-26 11:45:10+00,,
22172,3464,122,18,7,2,1,2024-12-26 12:30:37+00,,
22173,3464,1747,18,7,3,1,2024-12-26 12:37:32+00,,
22174,3464,1736,18,7,4,1,2024-12-26 12:39:18+00,,
22175,3464,1768,18,7,4,0,2024-12-26 12:43:16+00,,
22176,3464,126,18,7,3,0,2024-12-26 12:45:05+00,,
22177,3464,138,18,7,2,0,2024-12-26 12:48:42+00,,
22178,3464,134,18,7,1,0,2024-12-26 12:49:15+00,,
22179,3464,131,18,7,1,0,2024-12-26 12:50:22+00,,
22180,3464,129,18,7,1,0,2024-12-26 12:52:34+00,,
22181,3464,640,18,7,1,1,2024-12-26 12:54:47+00,,
22182,3464,127,18,7,2,0,2024-12-26 12:56:38+00,,
22183,3464,1725,18,7,1,1,2024-12-26 13:00:17+00,,
22184,3464,125,18,7,2,0,2024-12-26 13:02:19+00,,
22185,3464,1884,18,8,1,0,2024-12-26 13:06:12+00,,
22186,3464,1877,18,8,1,1,2024-12-26 13:06:48+00,,
22187,3464,1896,18,8,2,0,2024-12-26 13:11:12+00,,
22188,3464,608,18,8,1,1,2024-12-26 13:12:26+00,,
22189,3464,1936,18,8,2,1,2024-12-26 13:13:57+00,,
22190,3464,1934,18,8,3,1,2024-12-26 13:16:04+00,,
22191,3464,855,18,8,4,0,2024-12-26 13:17:37+00,,
22192,3464,848,18,8,3,1,2024-12-26 13:18:21+00,,
22193,3464,851,18,8,4,1,2024-12-26 13:19:35+00,,
22194,3464,626,18,8,4,1,2024-12-26 13:22:03+00,,
22195,3464,852,18,8,4,1,2024-12-26 13:24:09+00,,
22196,3464,594,18,8,4,1,2024-12-26 13:30:28+00,,
22197,3464,625,18,8,4,1,2024-12-26 13:32:19+00,,
22198,3464,853,18,8,4,1,2024-12-26 13:35:18+00,,
22199,3464,1904,18,8,4,1,2024-12-26 13:36:30+00,,
22200,3464,1779,18,9,1,0,2024-12-26 13:48:53+00,,
22201,3464,913,18,9,1,1,2024-12-26 13:49:47+00,,
22202,3464,1941,18,9,2,0,2024-12-26 13:50:44+00,,
22203,3464,1935,18,9,1,1,2024-12-26 13:51:32+00,,
22204,3464,1975,18,9,2,0,2024-12-26 13:52:57+00,,
22205,3464,457,18,10,1,0,2024-12-28 02:27:18+00,,
22206,3464,454,18,10,1,1,2024-12-28 02:33:46+00,,
22207,3464,428,18,10,2,0,2024-12-28 02:35:17+00,,
22208,3464,436,18,10,1,1,2024-12-28 02:38:17+00,,
22209,3464,2051,18,10,2,1,2024-12-28 02:39:59+00,,
22210,3464,427,18,10,3,1,2024-12-28 02:49:34+00,,
22211,3464,430,18,10,4,1,2024-12-28 03:13:15+00,,
22212,3464,446,18,10,4,0,2024-12-28 03:24:03+00,,
22213,3464,439,18,10,3,1,2024-12-28 03:25:11+00,,
22214,3464,2053,18,10,4,1,2024-12-28 03:46:15+00,,
22215,3464,2097,18,10,4,1,2024-12-28 03:49:02+00,,
22216,3464,2099,18,10,4,0,2024-12-28 03:50:19+00,,
22217,3464,2027,18,10,3,0,2024-12-28 03:53:28+00,,
22218,3464,2095,18,10,2,1,2024-12-28 03:59:01+00,,
22219,3464,2031,18,10,3,1,2024-12-28 04:17:43+00,,
22220,3464,2101,18,10,4,1,2024-12-28 04:19:21+00,,
22221,3464,2037,18,10,4,1,2024-12-28 04:23:48+00,,
22222,3464,440,18,10,4,0,2024-12-28 04:25:50+00,,
22223,3464,432,18,10,3,1,2024-12-28 04:27:40+00,,
22224,3464,420,18,10,4,1,2024-12-28 04:29:53+00,,
22225,3464,419,18,10,4,0,2024-12-28 04:34:19+00,,
22226,3464,424,18,10,3,1,2024-12-28 04:35:16+00,,
22227,3464,2048,18,10,4,0,2024-12-28 04:36:01+00,,
22228,3464,451,18,10,3,1,2024-12-28 04:37:07+00,,
22229,3464,441,18,10,4,1,2024-12-28 04:38:12+00,,
22230,3464,1937,18,9,1,0,2024-12-28 05:02:59+00,,
22231,3464,914,18,9,1,0,2024-12-28 05:03:47+00,,
22232,3464,1931,18,9,1,1,2024-12-28 05:13:27+00,,
22233,3464,248,18,9,2,0,2024-12-28 05:14:49+00,,
22234,3464,1939,18,9,1,0,2024-12-28 05:16:30+00,,
22235,3464,379,18,11,1,1,2024-12-28 05:21:52+00,,
22236,3464,291,18,11,2,0,2024-12-28 05:27:44+00,,
22237,3464,384,18,11,1,1,2024-12-28 05:28:33+00,,
22238,3464,784,18,11,2,1,2024-12-28 05:29:56+00,,
22239,3464,2087,18,11,3,1,2024-12-28 05:30:49+00,,
22240,3464,781,18,11,4,1,2024-12-28 05:34:06+00,,
22241,3464,2059,18,11,4,1,2024-12-28 05:36:09+00,,
22242,3464,782,18,11,4,0,2024-12-28 05:37:24+00,,
22243,3464,2089,18,11,3,1,2024-12-28 05:38:40+00,,
22244,3464,779,18,11,4,0,2024-12-28 05:40:30+00,,
22245,3464,2091,18,11,3,1,2024-12-28 05:42:14+00,,
22246,3464,2065,18,11,4,1,2024-12-28 05:43:37+00,,
22247,3464,278,18,11,4,-1,2024-12-28 05:57:32+00,,
22248,3464,783,18,11,4,0,2024-12-28 05:58:15+00,,
22249,3464,2061,18,11,3,1,2024-12-28 05:59:18+00,,
22250,3464,1971,18,9,1,0,2024-12-28 06:17:36+00,,
22251,3464,916,18,9,1,1,2024-12-28 06:18:39+00,,
22252,3464,249,18,9,2,0,2024-12-28 06:19:43+00,,
22253,3464,1929,18,9,1,1,2024-12-28 06:20:23+00,,
22254,3464,915,18,9,2,0,2024-12-28 06:22:32+00,,
22255,3464,950,18,9,1,1,2024-12-28 06:28:18+00,,
22256,3464,236,18,9,2,0,2024-12-28 06:32:42+00,,
22257,3464,961,18,9,1,0,2024-12-28 06:34:53+00,,
22258,3464,232,18,9,1,1,2024-12-28 06:35:55+00,,
22259,3464,235,18,9,2,1,2024-12-28 06:38:38+00,,
22260,3464,1973,18,9,3,0,2024-12-28 06:41:40+00,,
22261,3464,1977,18,9,2,0,2024-12-28 06:45:33+00,,
22262,3464,251,18,9,1,1,2024-12-28 06:48:22+00,,
22263,3464,238,18,9,2,1,2024-12-28 06:50:57+00,,
22264,3464,246,18,9,3,0,2024-12-28 06:55:56+00,,
22265,3309,739,12,12,1,0,2024-12-29 04:31:18+00,,
22266,3309,741,12,12,1,1,2024-12-29 04:34:48+00,,
22267,3309,742,12,12,2,1,2024-12-29 04:47:59+00,,
22268,3309,746,12,12,3,1,2024-12-29 05:49:13+00,,
22269,3309,1020,12,12,3,0,2024-12-29 05:50:57+00,,
22270,3309,747,12,12,2,0,2024-12-29 05:54:38+00,,
22271,3309,749,12,12,1,1,2024-12-29 06:01:53+00,,
22272,3309,743,12,12,2,0,2024-12-29 06:13:59+00,,
22273,3309,965,12,12,1,0,2024-12-29 06:21:04+00,,
22274,3309,1829,12,12,1,0,2024-12-29 06:21:09+00,,
22275,3309,1811,12,12,1,0,2024-12-29 06:21:13+00,,
22276,3309,1817,12,12,1,0,2024-12-29 06:21:15+00,,
22277,3309,1823,12,12,1,1,2024-12-29 06:21:18+00,,
22278,3309,1845,12,12,2,1,2024-12-29 06:21:37+00,,
22279,3309,958,12,12,3,0,2024-12-29 06:21:52+00,,
22280,3309,1769,12,12,2,0,2024-12-29 06:22:08+00,,
22281,3309,1804,12,12,1,0,2024-12-29 06:22:13+00,,
22282,3309,283,12,12,1,1,2024-12-29 06:22:24+00,,
22283,3309,748,12,12,2,1,2024-12-29 06:31:00+00,,
22284,3309,1003,12,12,3,1,2024-12-29 06:33:25+00,,
22285,3309,745,12,12,3,0,2024-12-29 06:42:49+00,,
22286,3309,811,12,12,2,0,2024-12-29 06:43:48+00,,
22287,3309,736,12,12,1,0,2024-12-29 06:44:36+00,,
22288,3309,962,12,12,1,1,2024-12-29 06:45:25+00,,
22289,3309,1772,12,12,2,1,2024-12-29 06:45:36+00,,
22290,3309,284,12,12,3,1,2024-12-29 06:47:55+00,,
22291,3309,279,12,12,3,0,2024-12-29 06:48:09+00,,
22292,3309,810,12,12,2,1,2024-12-29 06:48:15+00,,
22293,3467,823,12,13,1,1,2024-12-29 10:25:55+00,,
22294,3467,1208,12,13,2,1,2024-12-29 10:58:14+00,,
22295,3467,1014,12,13,3,1,2024-12-29 11:25:08+00,,
22296,3467,859,12,13,4,1,2024-12-29 11:26:00+00,,
22297,3467,1952,12,13,5,0,2024-12-29 11:26:08+00,,
22298,3500,1959,12,13,1,1,2024-12-30 06:07:05+00,,
22299,3500,1208,12,13,2,1,2024-12-30 06:32:55+00,,
22300,3500,1014,12,13,3,1,2024-12-30 06:43:35+00,,
22301,3470,646,18,7,1,0,2024-12-30 06:51:21+00,,
22302,3500,859,12,13,4,1,2024-12-30 07:01:07+00,,
22303,3500,1952,12,13,5,1,2024-12-30 07:19:40+00,,
22304,3500,962,12,12,1,0,2024-12-30 07:33:11+00,,
22305,3500,1849,12,12,1,0,2024-12-30 07:40:16+00,,
22306,3464,249,18,9,2,0,2024-12-30 07:44:00+00,,
22307,3464,1981,18,9,1,1,2024-12-30 07:49:38+00,,
22308,3464,915,18,9,2,0,2024-12-30 07:50:57+00,,
22309,3464,1931,18,9,1,1,2024-12-30 07:52:39+00,,
22310,3464,236,18,9,2,1,2024-12-30 07:53:30+00,,
22311,3464,244,18,9,3,1,2024-12-30 07:55:45+00,,
22312,3464,228,18,9,4,1,2024-12-30 07:56:24+00,,
22313,3464,217,18,9,5,1,2024-12-30 07:57:09+00,,
22314,3464,89,18,9,5,0,2024-12-30 07:57:58+00,,
22315,3464,230,18,9,4,1,2024-12-30 07:58:37+00,,
22316,3500,1817,12,12,1,-1,2024-12-30 08:33:12+00,,
22317,3500,959,12,12,1,0,2024-12-30 08:35:24+00,,
22318,3500,1811,12,12,1,-1,2024-12-30 08:35:52+00,,
22319,3470,1725,18,7,1,1,2024-12-30 11:47:31+00,,
22320,3470,639,18,7,2,1,2024-12-30 11:48:46+00,,
22321,3470,1744,18,7,3,0,2024-12-30 11:51:44+00,,
22322,3470,127,18,7,2,1,2024-12-30 12:18:15+00,,
22323,3470,1747,18,7,3,1,2024-12-30 12:22:33+00,,
22324,3470,1736,18,7,4,1,2024-12-30 12:31:42+00,,
22325,3470,1768,18,7,4,-1,2024-12-30 13:03:39+00,,
22326,3470,139,18,7,4,1,2024-12-30 13:05:14+00,,
22327,3470,647,18,7,4,1,2024-12-30 13:06:13+00,,
22328,3470,1734,18,7,4,0,2024-12-30 13:09:23+00,,
22329,3470,126,18,7,3,1,2024-12-30 13:10:32+00,,
22330,3470,1716,18,7,4,0,2024-12-30 13:10:47+00,,
22331,3470,1741,18,7,3,0,2024-12-30 13:11:21+00,,
22332,3470,125,18,7,2,0,2024-12-30 13:13:37+00,,
22333,3470,650,18,7,1,0,2024-12-30 13:16:54+00,,
22334,3470,1765,18,7,1,0,2024-12-30 13:17:39+00,,
22335,3500,749,12,12,1,0,2024-12-30 13:24:08+00,,
22336,3500,1804,12,12,1,0,2024-12-30 13:31:02+00,,
22337,3500,1849,12,12,1,1,2024-12-30 13:40:38+00,,
22338,3500,740,12,12,2,0,2024-12-30 13:43:40+00,,
22339,3500,283,12,12,1,1,2024-12-30 13:49:10+00,,
22340,3500,747,12,12,2,0,2024-12-30 13:53:58+00,,
22341,3500,1829,12,12,1,1,2024-12-30 13:55:42+00,,
22342,3500,1837,12,12,2,1,2024-12-30 14:11:04+00,,
22343,3500,956,12,12,3,1,2024-12-30 14:11:20+00,,
22344,3500,746,12,12,3,0,2024-12-30 14:23:19+00,,
22345,3474,1765,18,7,1,1,2024-12-31 04:27:35+00,,
22346,3474,127,18,7,2,1,2024-12-31 04:28:56+00,,
22347,3474,1741,18,7,3,1,2024-12-31 04:30:26+00,,
22348,3474,139,18,7,4,1,2024-12-31 04:32:40+00,,
22349,3474,647,18,7,4,1,2024-12-31 04:33:24+00,,
22350,3474,319,18,11,1,1,2024-12-31 04:50:37+00,,
22351,3474,296,18,11,2,1,2024-12-31 04:52:36+00,,
22352,3474,2081,18,11,3,1,2024-12-31 05:01:36+00,,
22353,3474,288,18,11,4,1,2024-12-31 05:04:00+00,,
22354,3474,278,18,11,4,1,2024-12-31 05:05:17+00,,
22355,3473,597,18,8,1,1,2025-01-01 04:21:28+00,,
22356,3473,627,18,8,2,1,2025-01-01 04:21:56+00,,
22357,3473,848,18,8,3,1,2025-01-01 04:22:20+00,,
22358,3473,856,18,8,4,0,2025-01-01 04:29:27+00,,
22359,3473,1902,18,8,3,1,2025-01-01 04:30:11+00,,
22360,3473,232,18,9,1,1,2025-01-01 04:39:15+00,,
22361,3473,1941,18,9,2,0,2025-01-01 04:39:56+00,,
22362,3473,913,18,9,1,1,2025-01-01 04:41:46+00,,
22363,3473,248,18,9,2,0,2025-01-01 04:44:22+00,,
22364,3473,1981,18,9,1,1,2025-01-01 04:44:56+00,,
22365,3473,444,18,11,1,1,2025-01-01 04:48:44+00,,
22366,3473,325,18,11,2,1,2025-01-01 04:50:47+00,,
22367,3473,2085,18,11,3,1,2025-01-01 04:52:15+00,,
22368,3473,2073,18,11,4,1,2025-01-01 04:52:20+00,,
22369,3473,2059,18,11,4,1,2025-01-01 04:52:26+00,,
22370,3449,124,18,7,1,0,2025-01-01 09:02:28+00,,
22371,3449,1725,18,7,1,1,2025-01-01 09:04:56+00,,
22372,3449,639,18,7,2,1,2025-01-01 09:05:43+00,,
22373,3449,1744,18,7,3,0,2025-01-01 09:08:55+00,,
22374,3449,127,18,7,2,1,2025-01-01 09:12:04+00,,
22375,3449,1747,18,7,3,1,2025-01-01 09:16:31+00,,
22376,3449,1736,18,7,4,0,2025-01-01 09:16:46+00,,
22377,3449,126,18,7,3,0,2025-01-01 09:16:57+00,,
22378,3449,125,18,7,2,0,2025-01-01 09:17:03+00,,
22379,3449,1765,18,7,1,0,2025-01-01 09:17:11+00,,
22380,3449,436,18,10,1,0,2025-01-01 09:19:33+00,,
22381,3449,455,18,10,1,1,2025-01-01 09:20:03+00,,
22382,3449,434,18,10,2,1,2025-01-01 09:20:48+00,,
22383,3449,451,18,10,3,1,2025-01-01 09:21:22+00,,
22384,3449,2099,18,10,4,0,2025-01-01 09:22:42+00,,
22385,3470,1935,18,9,1,1,2025-01-01 12:34:40+00,,
22386,3470,1941,18,9,2,0,2025-01-01 12:36:26+00,,
22387,3470,1981,18,9,1,1,2025-01-01 12:59:31+00,,
22388,3470,1975,18,9,2,0,2025-01-01 13:02:18+00,,
22389,3470,913,18,9,1,0,2025-01-01 13:06:55+00,,
22390,3470,459,18,10,1,1,2025-01-01 13:14:13+00,,
22391,3470,434,18,10,2,1,2025-01-01 13:16:37+00,,
22392,3470,2033,18,10,3,1,2025-01-01 13:19:55+00,,
22393,3470,2099,18,10,4,1,2025-01-01 13:21:45+00,,
22394,3470,2037,18,10,4,1,2025-01-01 13:25:03+00,,
22395,3470,1939,18,9,1,1,2025-01-01 13:36:03+00,,
22396,3470,248,18,9,2,0,2025-01-01 13:40:46+00,,
22397,3470,1937,18,9,1,0,2025-01-01 13:41:46+00,,
22398,3470,914,18,9,1,0,2025-01-01 13:46:33+00,,
22399,3470,1931,18,9,1,0,2025-01-01 13:47:17+00,,
22400,3501,423,18,10,1,1,2025-01-01 16:02:08+00,,
22401,3501,434,18,10,2,1,2025-01-01 16:07:39+00,,
22402,3501,2033,18,10,3,1,2025-01-01 16:14:04+00,,
22403,3501,2099,18,10,4,1,2025-01-01 16:23:41+00,,
22404,3501,2037,18,10,4,1,2025-01-01 16:35:47+00,,
22405,3501,232,18,9,1,1,2025-01-01 17:15:15+00,,
22406,3501,1941,18,9,2,0,2025-01-01 17:21:17+00,,
22407,3501,913,18,9,1,0,2025-01-01 17:26:21+00,,
22408,3501,914,18,9,1,1,2025-01-01 17:31:34+00,,
22409,3501,248,18,9,2,1,2025-01-01 17:37:21+00,,
22410,3501,1973,18,9,3,1,2025-01-01 17:41:55+00,,
22411,3501,228,18,9,4,1,2025-01-01 17:46:46+00,,
22412,3501,217,18,9,5,1,2025-01-01 17:50:21+00,,
22413,3501,89,18,9,5,1,2025-01-01 17:53:14+00,,
22414,3501,243,18,9,5,1,2025-01-01 17:56:14+00,,
22415,3473,644,18,7,1,1,2025-01-02 03:53:50+00,,
22416,3473,639,18,7,2,1,2025-01-02 03:54:18+00,,
22417,3473,1741,18,7,3,1,2025-01-02 03:55:20+00,,
22418,3473,1768,18,7,4,0,2025-01-02 03:55:25+00,,
22419,3473,1747,18,7,3,1,2025-01-02 03:56:55+00,,
22420,3473,415,18,10,1,1,2025-01-02 03:58:48+00,,
22421,3473,2095,18,10,2,1,2025-01-02 03:59:58+00,,
22422,3473,2033,18,10,3,0,2025-01-02 04:00:02+00,,
22423,3473,438,18,10,2,1,2025-01-02 04:00:46+00,,
22424,3470,651,18,7,1,1,2025-01-02 06:45:20+00,,
22425,3470,635,18,7,2,1,2025-01-02 06:45:32+00,,
22426,3470,638,18,7,3,1,2025-01-02 06:46:26+00,,
22427,3470,1750,18,7,4,1,2025-01-02 06:47:19+00,,
22428,3470,1719,18,7,4,1,2025-01-02 06:52:31+00,,
22429,3456,313,18,10,1,0,2025-01-02 10:38:32+00,,
22430,3456,454,18,10,1,1,2025-01-02 10:52:36+00,,
22431,3456,434,18,10,2,1,2025-01-02 11:06:36+00,,
22432,3456,2033,18,10,3,1,2025-01-02 11:09:27+00,,
22433,3456,2099,18,10,4,1,2025-01-02 11:10:47+00,,
22434,3456,2037,18,10,4,0,2025-01-02 11:15:36+00,,
22435,3456,432,18,10,3,1,2025-01-02 11:17:34+00,,
22436,3456,2101,18,10,4,1,2025-01-02 11:18:58+00,,
22437,3456,440,18,10,4,1,2025-01-02 11:19:59+00,,
22438,3456,2097,18,10,4,0,2025-01-02 11:21:10+00,,
22439,3456,2031,18,10,3,1,2025-01-02 11:22:50+00,,
22440,3456,441,18,10,4,1,2025-01-02 11:23:25+00,,
22441,3456,430,18,10,4,1,2025-01-02 11:25:53+00,,
22442,3456,446,18,10,4,1,2025-01-02 11:26:50+00,,
22443,3456,2053,18,10,4,1,2025-01-02 11:27:49+00,,
22444,3456,1756,18,7,1,1,2025-01-02 11:32:44+00,,
22445,3456,127,18,7,2,1,2025-01-02 11:34:17+00,,
22446,3456,1744,18,7,3,1,2025-01-02 11:34:56+00,,
22447,3456,139,18,7,4,0,2025-01-02 11:35:39+00,,
22448,3456,638,18,7,3,1,2025-01-02 11:36:17+00,,
22449,3456,647,18,7,4,1,2025-01-02 11:38:26+00,,
22450,3456,1734,18,7,4,0,2025-01-02 11:41:24+00,,
22451,3456,126,18,7,3,1,2025-01-02 11:42:24+00,,
22452,3456,1736,18,7,4,1,2025-01-02 11:43:11+00,,
22453,3456,1768,18,7,4,0,2025-01-02 11:48:13+00,,
22454,3456,1747,18,7,3,1,2025-01-02 11:49:16+00,,
22455,3456,251,18,9,1,1,2025-01-02 11:51:32+00,,
22456,3456,1941,18,9,2,0,2025-01-02 11:54:30+00,,
22457,3456,914,18,9,1,0,2025-01-02 11:55:49+00,,
22458,3456,913,18,9,1,1,2025-01-02 11:57:21+00,,
22459,3456,248,18,9,2,1,2025-01-02 11:59:01+00,,
22460,64,335,10,,1,0,2025-01-03 02:08:28+00,,
22461,64,1493,10,,1,1,2025-01-03 02:08:34+00,,
22462,64,330,10,,2,0,2025-01-03 02:08:40+00,,
22463,64,2072,10,,1,0,2025-01-03 02:08:46+00,,
22464,3456,1973,18,9,3,1,2025-01-03 09:12:31+00,,
22465,3456,228,18,9,4,1,2025-01-03 09:15:49+00,,
22466,3456,217,18,9,5,1,2025-01-03 09:16:43+00,,
22467,3456,89,18,9,5,1,2025-01-03 09:18:08+00,,
22468,3456,243,18,9,5,1,2025-01-03 09:19:34+00,,
22469,3502,608,18,8,1,1,2025-01-03 10:25:51+00,,
22470,3502,1938,18,8,2,1,2025-01-03 10:26:12+00,,
22471,3502,848,18,8,3,1,2025-01-03 10:28:51+00,,
22472,3502,856,18,8,4,0,2025-01-03 10:30:13+00,,
22473,3502,849,18,8,3,1,2025-01-03 10:30:40+00,,
22474,3504,645,18,7,1,0,2025-01-03 13:45:45+00,,
22475,3504,1725,18,7,1,0,2025-01-03 13:54:26+00,,
22476,3504,1722,18,7,1,0,2025-01-03 13:54:51+00,,
22477,3504,124,18,7,1,0,2025-01-03 14:01:26+00,,
22478,3504,1756,18,7,1,1,2025-01-03 14:01:49+00,,
22479,3504,639,18,7,2,-1,2025-01-03 14:05:45+00,,
22480,3504,127,18,7,2,0,2025-01-03 14:06:48+00,,
22481,3504,134,18,7,1,0,2025-01-03 14:07:47+00,,
22482,3504,1765,18,7,1,0,2025-01-03 14:08:18+00,,
22483,80,154,12,13,1,1,2025-01-03 14:08:21+00,,
22484,80,1208,12,13,2,0,2025-01-03 14:08:25+00,,
22485,80,1209,12,13,1,1,2025-01-03 14:08:29+00,,
22486,3504,652,18,7,1,0,2025-01-03 14:08:30+00,,
22487,80,818,12,13,2,0,2025-01-03 14:08:33+00,,
22488,80,2044,12,13,1,0,2025-01-03 14:08:37+00,,
22489,80,166,12,13,1,0,2025-01-03 14:08:56+00,,
22490,80,1959,12,13,1,0,2025-01-03 14:09:01+00,,
22491,80,155,12,13,1,0,2025-01-03 14:09:05+00,,
22492,80,1053,12,13,1,0,2025-01-03 14:09:16+00,,
22493,80,858,12,13,1,1,2025-01-03 14:09:20+00,,
22494,3469,1722,18,7,1,1,2025-01-05 06:17:19+00,,
22495,3469,639,18,7,2,1,2025-01-05 06:18:30+00,,
22496,3469,126,18,7,3,0,2025-01-05 06:20:44+00,,
22497,3469,125,18,7,2,0,2025-01-05 06:25:01+00,,
22498,3469,1756,18,7,1,1,2025-01-05 06:26:46+00,,
22499,3469,127,18,7,2,1,2025-01-05 06:41:55+00,,
22500,3469,638,18,7,3,1,2025-01-05 06:42:52+00,,
22501,3469,1736,18,7,4,1,2025-01-05 06:43:58+00,,
22502,3469,1768,18,7,4,0,2025-01-05 06:46:01+00,,
22503,3469,1747,18,7,3,1,2025-01-05 06:48:11+00,,
22504,3469,139,18,7,4,1,2025-01-05 06:53:42+00,,
22505,3469,647,18,7,4,1,2025-01-05 06:54:18+00,,
22506,3469,1734,18,7,4,1,2025-01-05 06:56:06+00,,
22507,3469,1716,18,7,4,0,2025-01-05 06:58:46+00,,
22508,3469,133,18,7,3,0,2025-01-05 06:59:41+00,,
22509,3469,635,18,7,2,1,2025-01-05 07:10:07+00,,
22510,3469,653,18,7,3,1,2025-01-05 07:11:48+00,,
22511,3469,1750,18,7,4,1,2025-01-05 07:13:18+00,,
22512,3469,1719,18,7,4,1,2025-01-05 07:28:14+00,,
22513,3469,633,18,7,4,1,2025-01-05 07:30:07+00,,
22514,3469,378,18,11,1,0,2025-01-05 07:49:53+00,,
22515,3469,780,18,11,1,1,2025-01-05 07:51:00+00,,
22516,3469,325,18,11,2,1,2025-01-05 07:52:06+00,,
22517,3469,2087,18,11,3,1,2025-01-05 07:52:47+00,,
22518,3469,781,18,11,4,1,2025-01-05 08:00:14+00,,
22519,3472,436,18,10,1,0,2025-01-05 11:44:32+00,,
22520,3472,455,18,10,1,1,2025-01-05 11:44:48+00,,
22521,3472,434,18,10,2,1,2025-01-05 11:45:48+00,,
22522,3472,2033,18,10,3,1,2025-01-05 11:47:49+00,,
22523,3472,2099,18,10,4,1,2025-01-05 11:49:22+00,,
22524,3504,131,18,7,1,1,2025-01-05 11:51:45+00,,
22525,3504,125,18,7,2,0,2025-01-05 11:52:55+00,,
22526,3472,2037,18,10,4,0,2025-01-05 11:53:46+00,,
22527,3504,650,18,7,1,0,2025-01-05 11:54:35+00,,
22528,3472,432,18,10,3,0,2025-01-05 11:55:02+00,,
22529,3472,433,18,10,2,0,2025-01-05 11:55:45+00,,
22530,3472,454,18,10,1,0,2025-01-05 11:55:57+00,,
22531,3472,426,18,10,1,1,2025-01-05 11:56:13+00,,
22532,3472,2095,18,10,2,0,2025-01-05 11:57:32+00,,
22533,3472,425,18,10,1,0,2025-01-05 11:57:44+00,,
22534,3472,415,18,10,1,0,2025-01-05 11:57:59+00,,
22535,3472,313,18,10,1,1,2025-01-05 11:58:07+00,,
22536,3472,435,18,10,2,0,2025-01-05 11:58:24+00,,
22537,3504,646,18,7,1,1,2025-01-05 11:58:39+00,,
22538,3504,635,18,7,2,1,2025-01-05 11:59:57+00,,
22539,3472,431,18,10,1,1,2025-01-05 12:00:15+00,,
22540,3472,2029,18,10,2,0,2025-01-05 12:01:04+00,,
22541,3472,459,18,10,1,0,2025-01-05 12:01:24+00,,
22542,3472,457,18,10,1,0,2025-01-05 12:01:38+00,,
22543,3472,421,18,10,1,1,2025-01-05 12:01:51+00,,
22544,3472,438,18,10,2,0,2025-01-05 12:04:19+00,,
22545,3472,422,18,10,1,1,2025-01-05 12:08:34+00,,
22546,3504,638,18,7,3,0,2025-01-05 12:09:48+00,,
22547,3504,123,18,7,2,1,2025-01-05 12:12:39+00,,
22548,3472,429,18,10,2,1,2025-01-05 12:16:21+00,,
22549,3472,2031,18,10,3,1,2025-01-05 12:17:12+00,,
22550,3472,2101,18,10,4,1,2025-01-05 12:18:08+00,,
22551,3504,126,18,7,3,1,2025-01-05 12:23:45+00,,
22552,3504,1736,18,7,4,1,2025-01-05 12:25:33+00,,
22553,3472,440,18,10,4,1,2025-01-05 12:30:26+00,,
22554,3504,1768,18,7,4,1,2025-01-05 12:31:31+00,,
22555,3504,139,18,7,4,1,2025-01-05 12:32:47+00,,
22556,3504,647,18,7,4,1,2025-01-05 12:33:20+00,,
22557,3472,2097,18,10,4,0,2025-01-05 12:37:12+00,,
22558,3472,439,18,10,3,1,2025-01-05 12:39:16+00,,
22559,3504,1734,18,7,4,0,2025-01-05 12:44:09+00,,
22560,3504,1747,18,7,3,1,2025-01-05 12:45:00+00,,
22561,3472,441,18,10,4,1,2025-01-05 12:46:04+00,,
22562,3504,1716,18,7,4,1,2025-01-05 12:47:28+00,,
22563,3504,1750,18,7,4,1,2025-01-05 12:48:16+00,,
22564,3504,1719,18,7,4,0,2025-01-05 12:48:39+00,,
22565,3504,133,18,7,3,1,2025-01-05 12:49:11+00,,
22566,3504,633,18,7,4,1,2025-01-05 12:49:43+00,,
22567,3504,1762,18,7,4,1,2025-01-05 12:51:42+00,,
22568,3504,1728,18,7,4,1,2025-01-05 12:52:24+00,,
22569,3504,641,18,7,4,1,2025-01-05 12:52:51+00,,
22570,3504,642,18,7,4,0,2025-01-05 12:53:19+00,,
22571,3472,430,18,10,4,0,2025-01-05 12:54:20+00,,
22572,3504,653,18,7,3,1,2025-01-05 12:55:13+00,,
22573,3504,1731,18,7,4,0,2025-01-05 12:58:04+00,,
22574,3504,780,18,11,1,1,2025-01-05 12:58:44+00,,
22575,3504,325,18,11,2,1,2025-01-05 12:59:16+00,,
22576,3504,2087,18,11,3,1,2025-01-05 13:00:01+00,,
22577,3504,781,18,11,4,1,2025-01-05 13:00:36+00,,
22578,3504,2059,18,11,4,0,2025-01-05 13:01:07+00,,
22579,3504,2089,18,11,3,1,2025-01-05 13:01:45+00,,
22580,3504,782,18,11,4,0,2025-01-05 13:02:13+00,,
22581,3504,2091,18,11,3,1,2025-01-05 13:02:41+00,,
22582,3472,424,18,10,3,0,2025-01-05 13:03:16+00,,
22583,3504,2065,18,11,4,1,2025-01-05 13:06:46+00,,
22584,3504,278,18,11,4,1,2025-01-05 13:07:18+00,,
22585,3504,425,18,10,1,0,2025-01-05 13:10:29+00,,
22586,3504,415,18,10,1,0,2025-01-05 13:10:49+00,,
22587,3504,313,18,10,1,1,2025-01-05 13:11:16+00,,
22588,3504,434,18,10,2,1,2025-01-05 13:11:52+00,,
22589,3504,432,18,10,3,1,2025-01-05 13:12:18+00,,
22590,3504,2099,18,10,4,1,2025-01-05 13:14:21+00,,
22591,3504,2037,18,10,4,0,2025-01-05 13:15:21+00,,
22592,3504,2031,18,10,3,1,2025-01-05 13:16:45+00,,
22593,3504,2101,18,10,4,1,2025-01-05 13:17:37+00,,
22594,3504,440,18,10,4,1,2025-01-05 13:26:38+00,,
22595,3504,2097,18,10,4,0,2025-01-05 13:28:11+00,,
22596,3504,439,18,10,3,1,2025-01-05 13:28:45+00,,
22597,3504,441,18,10,4,1,2025-01-05 13:29:00+00,,
22598,3504,430,18,10,4,0,2025-01-05 13:29:21+00,,
22599,3504,2033,18,10,3,0,2025-01-05 13:29:52+00,,
22600,3504,783,18,11,4,0,2025-01-05 13:30:58+00,,
22601,3504,2061,18,11,3,1,2025-01-05 13:31:27+00,,
22602,3504,2057,18,11,4,1,2025-01-05 13:31:48+00,,
22603,3504,2073,18,11,4,0,2025-01-05 13:32:22+00,,
22604,3504,2093,18,11,3,1,2025-01-05 13:32:48+00,,
22605,3504,433,18,10,2,0,2025-01-05 13:33:23+00,,
22606,3504,436,18,10,1,0,2025-01-05 13:33:43+00,,
22607,3504,431,18,10,1,1,2025-01-05 13:34:12+00,,
22608,3504,2095,18,10,2,0,2025-01-05 13:35:04+00,,
22609,3504,459,18,10,1,0,2025-01-05 13:35:25+00,,
22610,3504,457,18,10,1,0,2025-01-05 13:36:59+00,,
22611,3504,455,18,10,1,1,2025-01-05 13:37:20+00,,
22612,3504,435,18,10,2,1,2025-01-05 13:38:46+00,,
22613,3504,424,18,10,3,0,2025-01-05 13:40:07+00,,
22614,3504,2029,18,10,2,1,2025-01-05 13:40:52+00,,
22615,3504,1929,18,9,1,1,2025-01-05 13:44:14+00,,
22616,3504,1941,18,9,2,1,2025-01-05 13:44:40+00,,
22617,3504,247,18,9,3,0,2025-01-05 13:45:14+00,,
22618,3504,1975,18,9,2,1,2025-01-05 13:50:34+00,,
22619,3504,246,18,9,3,0,2025-01-05 13:51:01+00,,
22620,3504,451,18,10,3,1,2025-01-05 13:53:18+00,,
22621,3504,446,18,10,4,1,2025-01-05 13:54:22+00,,
22622,3504,2053,18,10,4,1,2025-01-05 13:55:21+00,,
22623,3504,2048,18,10,4,1,2025-01-05 13:58:21+00,,
22624,3504,419,18,10,4,0,2025-01-05 14:00:05+00,,
22625,3504,427,18,10,3,1,2025-01-05 14:01:47+00,,
22626,3504,420,18,10,4,1,2025-01-05 14:02:13+00,,
22627,3504,2043,18,10,4,1,2025-01-05 14:02:57+00,,
22628,3504,2046,18,10,4,0,2025-01-05 14:03:17+00,,
22629,3504,449,18,10,3,1,2025-01-05 14:04:45+00,,
22630,3472,428,18,10,2,1,2025-01-05 14:33:12+00,,
22631,3472,451,18,10,3,0,2025-01-05 14:33:24+00,,
22632,3472,434,18,10,2,1,2025-01-05 14:33:29+00,,
22633,3472,2033,18,10,3,1,2025-01-05 14:33:40+00,,
22634,3472,446,18,10,4,1,2025-01-05 14:34:56+00,,
22635,3472,2053,18,10,4,0,2025-01-05 14:35:45+00,,
22636,3472,427,18,10,3,0,2025-01-05 14:36:04+00,,
22637,3472,433,18,10,2,1,2025-01-05 14:36:12+00,,
22638,3472,448,18,10,3,0,2025-01-05 14:36:21+00,,
22639,3472,2049,18,10,2,1,2025-01-05 14:37:01+00,,
22640,3472,2027,18,10,3,1,2025-01-05 14:37:29+00,,
22641,3472,2046,18,10,4,1,2025-01-05 14:38:05+00,,
22642,3472,447,18,10,4,1,2025-01-05 14:38:26+00,,
22643,3472,2043,18,10,4,1,2025-01-05 14:39:29+00,,
22644,3502,455,18,10,1,1,2025-01-05 14:46:15+00,,
22645,3502,434,18,10,2,1,2025-01-05 14:46:56+00,,
22646,3454,644,18,7,1,1,2025-01-05 16:32:08+00,,
22647,3454,639,18,7,2,1,2025-01-05 16:32:45+00,,
22648,3454,126,18,7,3,0,2025-01-05 16:34:14+00,,
22649,3454,125,18,7,2,1,2025-01-05 16:48:13+00,,
22650,3454,638,18,7,3,0,2025-01-05 16:48:40+00,,
22651,3454,635,18,7,2,1,2025-01-05 16:51:09+00,,
22652,3454,1747,18,7,3,1,2025-01-05 16:51:58+00,,
22653,3454,1768,18,7,4,1,2025-01-05 16:52:56+00,,
22654,3454,139,18,7,4,1,2025-01-05 16:53:43+00,,
22655,3454,1736,18,7,4,1,2025-01-05 16:54:39+00,,
22656,3454,457,18,10,1,1,2025-01-05 17:02:47+00,,
22657,3454,434,18,10,2,1,2025-01-05 17:03:45+00,,
22658,3454,2033,18,10,3,1,2025-01-05 17:04:30+00,,
22659,3454,440,18,10,4,1,2025-01-05 17:06:58+00,,
22660,3454,2101,18,10,4,1,2025-01-05 17:07:47+00,,
22661,3476,134,18,7,1,0,2025-01-06 10:07:40+00,,
22662,3476,124,18,7,1,0,2025-01-06 10:10:27+00,,
22663,3476,1722,18,7,1,0,2025-01-06 10:12:10+00,,
22664,3476,1765,18,7,1,0,2025-01-06 10:12:20+00,,
22665,3476,1756,18,7,1,1,2025-01-06 10:13:03+00,,
22666,3476,378,18,11,1,0,2025-01-06 10:14:19+00,,
22667,3476,780,18,11,1,0,2025-01-06 10:14:33+00,,
22668,3476,2079,18,11,1,0,2025-01-06 10:14:58+00,,
22669,3476,379,18,11,1,0,2025-01-06 10:15:17+00,,
22670,3476,290,18,11,1,1,2025-01-06 10:15:43+00,,
22671,3476,639,18,7,2,1,2025-01-06 10:17:04+00,,
22672,3476,638,18,7,3,1,2025-01-06 10:18:24+00,,
22673,3476,1736,18,7,4,1,2025-01-06 10:20:17+00,,
22674,3476,1768,18,7,4,1,2025-01-06 10:21:14+00,,
22675,3476,139,18,7,4,-1,2025-01-06 10:22:11+00,,
22676,3476,784,18,11,2,0,2025-01-06 10:26:27+00,,
22677,3476,384,18,11,1,0,2025-01-06 10:27:22+00,,
22678,3476,319,18,11,1,0,2025-01-06 10:27:46+00,,
22679,3476,437,18,11,1,1,2025-01-06 10:29:39+00,,
22680,3476,785,18,11,2,1,2025-01-06 10:30:38+00,,
22681,3476,2081,18,11,3,1,2025-01-06 10:32:24+00,,
22682,3476,2059,18,11,4,0,2025-01-06 10:33:11+00,,
22683,3476,2087,18,11,3,1,2025-01-06 10:33:52+00,,
22684,3476,781,18,11,4,1,2025-01-06 10:34:57+00,,
22685,3476,779,18,11,4,0,2025-01-06 10:36:10+00,,
22686,3476,431,18,10,1,0,2025-01-06 10:37:38+00,,
22687,3476,454,18,10,1,1,2025-01-06 10:38:17+00,,
22688,3476,434,18,10,2,0,2025-01-06 10:38:57+00,,
22689,3476,436,18,10,1,1,2025-01-06 10:39:40+00,,
22690,3476,428,18,10,2,0,2025-01-06 10:41:56+00,,
22691,3508,895,15,41,1,1,2025-01-07 06:17:39+00,,
22692,3508,844,15,41,2,0,2025-01-07 06:18:23+00,,
22693,3508,992,15,41,1,1,2025-01-07 06:18:42+00,,
22694,3508,173,15,41,2,-1,2025-01-07 06:19:01+00,,
22695,3508,1024,15,41,2,-1,2025-01-07 06:19:27+00,,
22696,3508,1877,18,8,1,1,2025-01-07 06:20:36+00,,
22697,3503,1625,14,,1,-1,2025-01-07 08:03:13+00,,
22698,3503,1664,14,,1,1,2025-01-07 08:03:32+00,,
22699,3503,178,14,,2,-1,2025-01-07 08:03:42+00,,
22700,3503,188,14,,2,1,2025-01-07 08:03:59+00,,
22701,3503,177,14,,3,1,2025-01-07 08:04:07+00,,
22702,3389,563,25,,1,0,2025-01-09 01:07:57+00,,
22703,3389,1748,25,,1,0,2025-01-09 01:08:02+00,,
22704,3389,568,25,,1,0,2025-01-09 01:08:05+00,,
22705,3389,554,25,,1,0,2025-01-09 01:08:08+00,,
22706,3389,571,25,,1,0,2025-01-09 01:08:12+00,,
22707,3511,822,12,13,1,0,2025-01-09 06:10:48+00,,
22708,3511,154,12,13,1,-1,2025-01-09 06:12:02+00,,
22709,3511,858,12,13,1,0,2025-01-09 11:43:26+00,,
22710,3511,1209,12,13,1,-1,2025-01-09 11:47:38+00,,
22711,3511,823,12,13,1,0,2025-01-09 11:50:23+00,,
22712,3511,860,12,13,1,0,2025-01-09 12:01:35+00,,
22713,3390,651,18,7,1,0,2025-01-10 02:33:22+00,,
22714,3390,124,18,7,1,0,2025-01-10 02:33:32+00,,
22715,3390,1722,18,7,1,0,2025-01-10 02:33:38+00,,
22716,3390,1765,18,7,1,0,2025-01-10 02:33:44+00,,
22717,3390,1756,18,7,1,0,2025-01-10 02:33:48+00,,
22718,3389,1164,5,44,1,0,2025-01-10 06:03:21+00,,
22719,3389,1172,5,44,1,0,2025-01-10 06:03:29+00,,
22720,3389,2177,5,44,1,0,2025-01-10 06:03:33+00,,
22721,3389,1668,5,44,1,0,2025-01-10 06:03:36+00,,
22722,3389,1167,5,44,1,0,2025-01-10 06:03:40+00,,
22723,3389,698,25,,1,0,2025-01-10 06:04:31+00,,
22724,3389,700,25,,1,1,2025-01-10 06:04:34+00,,
22725,913,891,16,,2,0,2025-01-13 03:49:00+00,,
22726,913,163,16,,1,0,2025-01-13 04:08:45+00,,
22727,913,2020,16,,1,0,2025-01-13 04:14:34+00,,
22728,913,905,16,,1,1,2025-01-13 04:14:51+00,,
22729,913,869,16,,2,0,2025-01-13 04:15:07+00,,
22730,913,870,16,,1,0,2025-01-13 04:15:25+00,,
22731,3513,148,4,4,1,1,2025-01-13 07:59:18+00,,
22732,3513,1031,4,4,2,0,2025-01-13 07:59:24+00,,
22733,3513,912,4,4,1,0,2025-01-13 07:59:28+00,,
22734,3513,880,4,4,1,0,2025-01-13 07:59:31+00,,
22735,3513,1067,4,4,1,0,2025-01-13 07:59:37+00,,
22736,3474,1996,4,4,1,1,2025-01-13 20:03:31+00,,
22737,3474,1994,4,4,2,1,2025-01-13 20:08:54+00,,
22738,3474,1073,4,4,3,1,2025-01-13 20:18:39+00,,
22739,3474,873,4,4,4,1,2025-01-13 20:21:19+00,,
22740,3474,1218,4,4,5,1,2025-01-13 20:23:04+00,,
22741,3474,262,4,4,5,1,2025-01-13 20:30:48+00,,
22742,3474,263,4,4,5,1,2025-01-13 20:39:54+00,,
22743,3474,998,4,4,5,1,2025-01-13 20:41:50+00,,
22744,3474,1065,4,4,5,1,2025-01-13 20:48:29+00,,
22745,3474,1002,4,4,5,1,2025-01-13 20:53:57+00,,
22746,3504,1990,4,4,1,0,2025-01-14 01:58:27+00,,
22747,3504,176,4,4,1,0,2025-01-14 01:58:44+00,,
22748,3504,882,4,4,1,0,2025-01-14 01:58:55+00,,
22749,3504,912,4,4,1,0,2025-01-14 01:59:05+00,,
22750,3504,880,4,4,1,0,2025-01-14 01:59:09+00,,
22751,3475,148,4,4,1,1,2025-01-14 02:42:18+00,,
22752,3475,1031,4,4,2,1,2025-01-14 02:50:47+00,,
22753,3475,1030,4,4,3,1,2025-01-14 02:53:16+00,,
22754,3475,1000,4,4,4,1,2025-01-14 02:57:22+00,,
22755,3475,1228,4,4,5,-1,2025-01-14 03:05:43+00,,
22756,3513,886,4,4,1,0,2025-01-14 07:15:51+00,,
22757,3513,153,4,4,1,0,2025-01-14 07:41:55+00,,
22758,3513,1081,4,4,1,0,2025-01-14 07:42:00+00,,
22759,3513,882,4,4,1,0,2025-01-14 07:42:06+00,,
22760,3513,912,4,4,1,1,2025-01-14 07:42:10+00,,
22761,3513,1032,4,4,2,0,2025-01-14 07:42:14+00,,
22762,80,575,25,,1,0,2025-01-14 07:58:14+00,,
22763,80,1742,25,,1,0,2025-01-14 07:58:23+00,,
22764,80,561,25,,1,-1,2025-01-14 07:58:27+00,,
22765,80,1740,25,,1,1,2025-01-14 07:58:31+00,,
22766,80,558,25,,2,0,2025-01-14 07:58:38+00,,
22767,3513,880,4,4,1,1,2025-01-14 08:13:11+00,,
22768,3513,265,4,4,2,1,2025-01-14 08:22:19+00,,
22769,3513,1073,4,4,3,1,2025-01-14 08:35:34+00,,
22770,3470,882,4,4,1,1,2025-01-14 08:45:54+00,,
22771,3513,873,4,4,4,1,2025-01-14 08:47:30+00,,
22772,3470,1852,4,4,2,-1,2025-01-14 08:48:46+00,,
22773,3470,1031,4,4,2,1,2025-01-14 08:53:40+00,,
22774,3470,1029,4,4,3,1,2025-01-14 08:55:24+00,,
22775,3513,1230,4,4,5,1,2025-01-14 08:57:12+00,,
22776,3470,1000,4,4,4,1,2025-01-14 08:58:03+00,,
22777,3513,1229,4,4,5,1,2025-01-14 09:06:32+00,,
22778,3470,1228,4,4,5,1,2025-01-14 09:08:57+00,,
22779,3513,1231,4,4,5,1,2025-01-14 09:11:47+00,,
22780,3470,1229,4,4,5,1,2025-01-14 09:16:01+00,,
22781,3470,1230,4,4,5,1,2025-01-14 09:19:34+00,,
22782,3513,1228,4,4,5,1,2025-01-14 09:20:40+00,,
22783,3513,1232,4,4,5,1,2025-01-14 09:25:46+00,,
22784,3470,875,4,4,5,1,2025-01-14 09:29:28+00,,
22785,3470,1002,4,4,5,1,2025-01-14 09:33:53+00,,
22786,3513,2002,4,4,5,1,2025-01-14 09:40:28+00,,
22787,3462,1067,4,4,1,-1,2025-01-15 03:15:33+00,,
22788,3462,912,4,4,1,-1,2025-01-15 03:18:48+00,,
22789,3464,912,4,4,1,-1,2025-01-15 03:31:40+00,,
22790,3453,1081,4,4,1,-1,2025-01-15 03:32:30+00,,
22791,3464,148,4,4,1,1,2025-01-15 03:36:16+00,,
22792,3464,1031,4,4,2,1,2025-01-15 03:40:41+00,,
22793,3462,148,4,4,1,1,2025-01-15 03:43:04+00,,
22794,3464,1030,4,4,3,1,2025-01-15 03:43:48+00,,
22795,3462,1031,4,4,2,1,2025-01-15 03:48:20+00,,
22796,3462,1029,4,4,3,1,2025-01-15 03:49:19+00,,
22797,3462,1000,4,4,4,1,2025-01-15 03:51:25+00,,
22798,3453,912,4,4,1,1,2025-01-15 03:56:21+00,,
22799,3464,1000,4,4,4,1,2025-01-15 03:58:25+00,,
22800,3462,1228,4,4,5,1,2025-01-15 03:58:27+00,,
22801,3462,1229,4,4,5,1,2025-01-15 04:07:57+00,,
22802,3462,1230,4,4,5,1,2025-01-15 04:13:05+00,,
22803,3462,875,4,4,5,1,2025-01-15 04:18:30+00,,
22804,3464,1228,4,4,5,1,2025-01-15 04:19:56+00,,
22805,3462,1002,4,4,5,0,2025-01-15 04:21:05+00,,
22806,3453,1031,4,4,2,1,2025-01-15 04:21:44+00,,
22807,3462,999,4,4,4,1,2025-01-15 04:23:07+00,,
22808,3453,1029,4,4,3,1,2025-01-15 04:23:24+00,,
22809,3464,1229,4,4,5,1,2025-01-15 04:25:25+00,,
22810,3453,1000,4,4,4,1,2025-01-15 04:27:19+00,,
22811,3464,1230,4,4,5,1,2025-01-15 04:30:36+00,,
22812,3453,1228,4,4,5,1,2025-01-15 04:33:00+00,,
22813,3453,1229,4,4,5,1,2025-01-15 04:35:51+00,,
22814,3453,1230,4,4,5,1,2025-01-15 04:38:02+00,,
22815,3453,875,4,4,5,1,2025-01-15 04:42:02+00,,
22816,3453,1002,4,4,5,1,2025-01-15 04:45:17+00,,
22817,3464,875,4,4,5,0,2025-01-15 04:48:55+00,,
22818,3464,999,4,4,4,1,2025-01-15 04:54:23+00,,
22819,3464,1002,4,4,5,1,2025-01-15 04:56:38+00,,
22820,3464,262,4,4,5,1,2025-01-15 05:03:21+00,,
22821,3464,263,4,4,5,1,2025-01-15 05:05:53+00,,
22822,3464,998,4,4,5,1,2025-01-15 05:15:21+00,,
22823,3464,1218,4,4,5,1,2025-01-15 05:18:38+00,,
22824,3464,1231,4,4,5,1,2025-01-15 05:21:03+00,,
22825,3504,886,4,4,1,0,2025-01-15 08:51:07+00,,
22826,3504,883,4,4,1,0,2025-01-15 09:06:14+00,,
22827,3504,176,4,4,1,0,2025-01-15 09:08:37+00,,
22828,3504,882,4,4,1,1,2025-01-15 09:09:57+00,,
22829,3504,1852,4,4,2,1,2025-01-15 09:10:37+00,,
22830,3504,1029,4,4,3,1,2025-01-15 09:11:45+00,,
22831,3504,1000,4,4,4,1,2025-01-15 09:13:10+00,,
22832,3504,1228,4,4,5,1,2025-01-15 09:18:04+00,,
22833,3504,1229,4,4,5,1,2025-01-15 09:19:48+00,,
22834,3504,1230,4,4,5,1,2025-01-15 09:21:29+00,,
22835,3504,876,4,4,5,0,2025-01-15 09:22:46+00,,
22836,3504,999,4,4,4,0,2025-01-15 09:23:17+00,,
22837,3504,261,4,4,3,1,2025-01-15 09:23:37+00,,
22838,3504,873,4,4,4,1,2025-01-15 09:23:59+00,,
22839,3504,908,4,4,5,1,2025-01-15 09:24:35+00,,
22840,3504,875,4,4,5,1,2025-01-15 09:27:26+00,,
22841,3504,1002,4,4,5,1,2025-01-15 09:30:02+00,,
22842,3504,262,4,4,5,1,2025-01-15 09:32:47+00,,
22843,3504,263,4,4,5,1,2025-01-15 09:35:23+00,,
22844,3504,998,4,4,5,1,2025-01-15 09:37:56+00,,
22845,3469,880,4,4,1,1,2025-01-15 09:55:50+00,,
22846,3469,1031,4,4,2,1,2025-01-15 09:58:51+00,,
22847,3469,1073,4,4,3,1,2025-01-15 09:59:51+00,,
22848,3469,873,4,4,4,1,2025-01-15 10:02:56+00,,
22849,3516,1849,12,12,1,1,2025-01-15 10:06:02+00,,
22850,3469,877,4,4,5,1,2025-01-15 10:06:47+00,,
22851,3515,749,12,12,1,0,2025-01-15 10:07:53+00,,
22852,3515,1849,12,12,1,1,2025-01-15 10:08:02+00,,
22853,3516,740,12,12,2,0,2025-01-15 10:08:24+00,,
22854,3496,1053,12,13,1,1,2025-01-15 10:08:54+00,,
22855,3515,740,12,12,2,0,2025-01-15 10:09:24+00,,
22856,3516,1817,12,12,1,0,2025-01-15 10:09:39+00,,
22857,3515,1817,12,12,1,0,2025-01-15 10:09:40+00,,
22858,3469,1229,4,4,5,1,2025-01-15 10:10:00+00,,
22859,3515,959,12,12,1,0,2025-01-15 10:11:19+00,,
22860,3516,1823,12,12,1,1,2025-01-15 10:12:24+00,,
22861,3516,1847,12,12,2,0,2025-01-15 10:12:47+00,,
22862,3515,2006,16,,1,0,2025-01-15 10:14:42+00,,
22863,3516,2122,16,,1,0,2025-01-15 10:16:04+00,,
22864,3469,1230,4,4,5,1,2025-01-15 10:16:45+00,,
22865,3469,878,4,4,5,-1,2025-01-15 10:17:02+00,,
22866,3516,905,16,,1,0,2025-01-15 10:19:13+00,,
22867,3496,1208,12,13,2,1,2025-01-15 10:19:14+00,,
22868,3516,904,16,,1,0,2025-01-15 10:19:40+00,,
22869,3516,2120,16,,1,0,2025-01-15 10:19:59+00,,
22870,3469,1228,4,4,5,0,2025-01-15 10:20:12+00,,
22871,3516,907,16,,1,0,2025-01-15 10:20:24+00,,
22872,3515,905,16,,1,1,2025-01-15 10:21:09+00,,
22873,3469,1001,4,4,4,1,2025-01-15 10:21:26+00,,
22874,3515,164,16,,2,0,2025-01-15 10:21:30+00,,
22875,3515,870,16,,1,0,2025-01-15 10:21:43+00,,
22876,3515,167,16,,1,0,2025-01-15 10:22:01+00,,
22877,3496,1014,12,13,3,1,2025-01-15 10:55:33+00,,
22878,3496,859,12,13,4,1,2025-01-15 11:02:04+00,,
22879,3496,1952,12,13,5,-1,2025-01-15 11:02:47+00,,
22880,3501,94,4,3,1,1,2025-01-15 14:43:50+00,,
22881,3501,1226,4,3,2,1,2025-01-15 14:46:07+00,,
22882,3472,148,4,4,1,0,2025-01-15 14:48:45+00,,
22883,3501,2116,4,3,3,1,2025-01-15 14:48:52+00,,
22884,3501,658,4,3,4,1,2025-01-15 14:50:51+00,,
22885,3472,912,4,4,1,1,2025-01-15 14:51:11+00,,
22886,3501,721,4,3,4,1,2025-01-15 14:52:46+00,,
22887,3472,1031,4,4,2,1,2025-01-15 14:56:37+00,,
22888,3472,1030,4,4,3,1,2025-01-15 15:02:43+00,,
22889,3472,1000,4,4,4,1,2025-01-15 15:04:29+00,,
22890,3501,883,4,4,1,-1,2025-01-15 15:04:29+00,,
22891,3501,912,4,4,1,-1,2025-01-15 15:04:34+00,,
22892,3501,148,4,4,1,1,2025-01-15 15:06:49+00,,
22893,3472,1228,4,4,5,1,2025-01-15 15:09:05+00,,
22894,3472,1229,4,4,5,1,2025-01-15 15:10:47+00,,
22895,3472,1230,4,4,5,1,2025-01-15 15:13:24+00,,
22896,3501,1031,4,4,2,1,2025-01-15 15:15:18+00,,
22897,3501,1030,4,4,3,1,2025-01-15 15:16:43+00,,
22898,3501,1000,4,4,4,1,2025-01-15 15:19:32+00,,
22899,3472,875,4,4,5,1,2025-01-15 15:20:54+00,,
22900,3501,1228,4,4,5,0,2025-01-15 15:20:56+00,,
22901,3501,999,4,4,4,1,2025-01-15 15:21:49+00,,
22902,3501,1229,4,4,5,1,2025-01-15 15:22:42+00,,
22903,3472,1002,4,4,5,1,2025-01-15 15:23:08+00,,
22904,3501,1230,4,4,5,1,2025-01-15 15:24:00+00,,
22905,3501,875,4,4,5,1,2025-01-15 15:26:40+00,,
22906,3501,1002,4,4,5,1,2025-01-15 15:27:33+00,,
22907,3501,262,4,4,5,1,2025-01-15 15:28:39+00,,
22908,3501,263,4,4,5,1,2025-01-15 15:30:44+00,,
22909,3501,998,4,4,5,0,2025-01-15 15:31:36+00,,
22910,3501,873,4,4,4,1,2025-01-15 15:38:36+00,,
22911,3501,1218,4,4,5,1,2025-01-15 15:39:34+00,,
22912,3501,1231,4,4,5,1,2025-01-15 15:40:30+00,,
22913,3501,1232,4,4,5,1,2025-01-15 15:41:31+00,,
22914,3501,1944,4,4,5,1,2025-01-15 15:42:30+00,,
22915,3496,965,12,12,1,0,2025-01-15 16:47:16+00,,
22916,3496,827,12,13,5,-1,2025-01-15 17:22:08+00,,
22917,3491,176,4,4,1,1,2025-01-16 02:30:59+00,,
22918,3491,1994,4,4,2,0,2025-01-16 02:32:11+00,,
22919,3491,1996,4,4,1,1,2025-01-16 02:37:35+00,,
22920,3491,270,4,4,2,1,2025-01-16 02:40:31+00,,
22921,3491,1076,4,4,3,1,2025-01-16 02:44:38+00,,
22922,3514,1081,4,4,1,0,2025-01-16 13:11:17+00,,
22923,3514,912,4,4,1,0,2025-01-16 13:11:22+00,,
22924,3514,148,4,4,1,1,2025-01-16 13:11:32+00,,
22925,3514,1031,4,4,2,1,2025-01-16 13:11:35+00,,
22926,3514,1030,4,4,3,1,2025-01-16 13:11:42+00,,
22927,3514,1000,4,4,4,1,2025-01-16 13:13:14+00,,
22928,3514,1228,4,4,5,0,2025-01-16 13:13:18+00,,
22929,3514,999,4,4,4,0,2025-01-16 13:13:24+00,,
22930,3514,260,4,4,3,1,2025-01-16 13:13:28+00,,
22931,3514,873,4,4,4,0,2025-01-16 13:13:39+00,,
22932,3514,261,4,4,3,0,2025-01-16 13:14:09+00,,
22933,3514,1032,4,4,2,0,2025-01-16 13:14:13+00,,
22934,3514,1067,4,4,1,0,2025-01-16 13:14:24+00,,
22935,3514,886,4,4,1,0,2025-01-16 13:14:28+00,,
22936,3514,153,4,4,1,0,2025-01-16 13:14:33+00,,
22937,3514,880,4,4,1,0,2025-01-16 13:14:52+00,,
22938,3514,912,4,4,1,0,2025-01-16 13:14:56+00,,
22939,3514,882,4,4,1,0,2025-01-16 13:15:00+00,,
22940,3514,176,4,4,1,1,2025-01-16 13:15:07+00,,
22941,3514,265,4,4,2,1,2025-01-16 13:15:11+00,,
22942,3514,1073,4,4,3,1,2025-01-16 13:15:41+00,,
22943,3514,1064,4,4,4,0,2025-01-16 13:15:47+00,,
22944,3514,1075,4,4,3,1,2025-01-16 13:15:51+00,,
22945,3514,1001,4,4,4,0,2025-01-16 13:15:57+00,,
22946,3514,1076,4,4,3,0,2025-01-16 13:16:01+00,,
22947,3514,1033,4,4,2,0,2025-01-16 13:18:17+00,,
22948,3514,1996,4,4,1,0,2025-01-16 13:18:23+00,,
22949,3514,1990,4,4,1,0,2025-01-16 13:18:27+00,,
22950,3514,1067,4,4,1,0,2025-01-16 13:18:32+00,,
22951,3514,880,4,4,1,0,2025-01-16 13:18:40+00,,
22952,3514,912,4,4,1,0,2025-01-16 13:19:01+00,,
22953,3514,1081,4,4,1,1,2025-01-16 13:19:06+00,,
22954,3514,1994,4,4,2,1,2025-01-16 13:19:21+00,,
22955,3514,269,4,4,3,0,2025-01-16 13:19:24+00,,
22956,3514,1031,4,4,2,0,2025-01-16 13:19:29+00,,
22957,3514,148,4,4,1,1,2025-01-16 13:19:49+00,,
22958,3514,874,4,4,2,0,2025-01-16 13:19:57+00,,
22959,3514,883,4,4,1,1,2025-01-16 13:20:01+00,,
22960,3514,909,4,4,2,0,2025-01-16 13:20:04+00,,
22961,3514,1986,4,4,1,0,2025-01-16 13:20:08+00,,
22962,3514,1990,4,4,1,1,2025-01-16 13:20:36+00,,
22963,3514,270,4,4,2,0,2025-01-16 13:20:41+00,,
22964,3514,1996,4,4,1,0,2025-01-16 13:20:44+00,,
22965,3514,176,4,4,1,1,2025-01-16 13:20:51+00,,
22966,3514,1942,4,4,2,0,2025-01-16 13:20:55+00,,
22967,3514,886,4,4,1,0,2025-01-16 13:21:17+00,,
22968,3514,153,4,4,1,0,2025-01-16 13:21:21+00,,
22969,3514,1067,4,4,1,0,2025-01-16 13:21:26+00,,
22970,3514,882,4,4,1,0,2025-01-16 13:21:30+00,,
22971,3514,1990,4,4,1,0,2025-01-16 13:21:33+00,,
22972,3514,880,4,4,1,0,2025-01-16 13:22:00+00,,
22973,3514,1996,4,4,1,0,2025-01-16 13:22:12+00,,
22974,3514,883,4,4,1,0,2025-01-16 13:22:16+00,,
22975,3514,176,4,4,1,0,2025-01-16 13:22:20+00,,
22976,3514,1986,4,4,1,1,2025-01-16 13:22:23+00,,
22977,3514,885,4,4,2,0,2025-01-16 13:22:53+00,,
22978,3514,1990,4,4,1,1,2025-01-16 13:22:56+00,,
22979,3514,879,4,4,2,0,2025-01-16 13:23:02+00,,
22980,3514,1067,4,4,1,0,2025-01-16 13:23:06+00,,
22981,3514,1996,4,4,1,0,2025-01-16 13:23:11+00,,
22982,3514,912,4,4,1,1,2025-01-16 13:23:35+00,,
22983,3514,1033,4,4,2,1,2025-01-16 13:23:42+00,,
22984,3514,1073,4,4,3,0,2025-01-16 13:23:46+00,,
22985,3514,881,4,4,2,0,2025-01-16 13:23:51+00,,
22986,3514,1081,4,4,1,0,2025-01-16 13:23:56+00,,
22987,3514,176,4,4,1,0,2025-01-16 13:24:17+00,,
22988,3514,148,4,4,1,0,2025-01-16 13:24:30+00,,
22989,3514,1986,4,4,1,0,2025-01-16 13:24:38+00,,
22990,3514,1990,4,4,1,0,2025-01-16 13:24:42+00,,
22991,3514,1067,4,4,1,0,2025-01-16 13:24:46+00,,
22992,3514,1996,4,4,1,0,2025-01-16 13:25:13+00,,
22993,3514,176,4,4,1,0,2025-01-16 13:25:16+00,,
22994,3514,912,4,4,1,0,2025-01-16 13:25:25+00,,
22995,3514,880,4,4,1,0,2025-01-16 13:25:30+00,,
