platformkeywordid,platformsnaquestionid
47,79
48,79
57,79
45,80
46,80
49,80
45,81
46,81
52,81
85,82
92,82
193,83
335,83
336,83
182,84
183,84
186,84
188,84
183,85
188,85
339,86
182,87
137,88
138,88
139,88
329,88
139,89
141,89
328,89
137,90
139,90
141,90
143,90
328,90
139,91
141,91
328,91
137,92
138,92
139,92
329,92
85,93
87,93
92,93
85,94
86,94
88,94
91,94
85,95
86,95
91,95
85,96
86,96
88,96
91,96
92,96
85,97
88,97
91,97
85,98
88,98
91,98
85,100
88,100
91,100
85,101
91,101
92,101
3,102
317,102
317,104
317,108
317,112
3,113
317,113
5,114
8,117
317,117
5,118
317,118
318,118
8,120
317,120
8,121
317,121
114,122
115,122
116,122
116,123
121,123
122,123
114,124
115,124
116,124
121,124
114,125
115,125
116,125
121,125
122,125
114,126
115,126
116,126
117,126
118,127
119,127
120,127
121,128
122,128
123,128
124,128
125,128
114,129
115,129
116,129
116,130
122,130
123,130
114,131
116,131
122,131
123,131
121,132
122,132
123,132
119,133
122,133
123,133
116,134
122,134
123,134
114,135
115,135
116,135
117,135
121,135
114,136
115,136
116,136
114,137
116,137
121,137
122,137
116,138
121,138
122,138
123,138
116,139
121,139
122,139
123,139
124,139
116,140
121,140
122,140
123,140
114,141
115,141
116,141
123,141
85,142
88,142
91,142
87,143
88,143
90,143
91,143
86,144
88,144
90,144
91,144
85,145
88,145
92,145
200,146
85,147
88,147
92,147
97,148
98,148
265,148
428,148
177,149
178,149
181,149
226,150
257,150
177,151
178,151
181,151
177,152
178,152
181,152
262,152
97,153
265,153
177,154
178,154
181,154
261,154
177,155
178,155
262,155
202,156
203,156
379,156
201,157
202,157
201,158
202,159
203,159
204,159
379,159
201,160
202,160
203,160
201,161
202,161
203,161
205,162
379,162
380,163
381,163
382,163
383,163
200,164
203,164
202,165
205,165
177,166
181,166
202,167
379,167
202,168
203,168
202,169
386,169
202,170
232,171
380,172
382,172
233,173
232,174
360,174
360,175
99,176
428,176
45,177
46,177
53,177
45,178
49,178
50,178
51,178
45,179
49,179
52,179
49,180
52,180
53,180
47,181
45,182
49,182
50,182
51,182
45,183
49,183
50,183
51,183
45,184
47,184
57,184
49,185
52,185
53,185
45,186
46,186
46,187
424,187
45,188
46,188
45,189
46,189
422,189
54,190
54,191
104,192
106,192
107,192
49,193
52,193
55,193
55,194
424,194
49,195
52,195
55,195
61,195
264,195
49,196
52,196
55,196
47,197
48,197
57,197
56,198
58,198
59,198
63,198
395,198
58,199
59,199
63,199
56,200
58,200
59,200
63,200
55,201
56,201
58,201
63,201
45,202
46,202
49,202
58,203
63,203
58,204
63,204
58,205
63,205
58,206
63,206
58,207
63,207
55,208
56,208
58,208
59,208
56,209
58,209
45,210
62,211
62,212
137,215
138,215
139,215
329,215
137,216
138,216
139,216
329,216
137,217
138,217
139,217
329,217
137,218
140,218
137,219
139,219
141,219
328,219
137,220
140,220
137,221
141,221
328,221
137,222
138,222
139,222
143,222
329,222
137,223
138,223
139,223
329,223
137,224
138,224
139,224
329,224
137,225
138,225
139,225
329,225
137,226
140,226
137,227
138,227
139,227
329,227
139,228
141,228
143,228
328,228
139,229
141,229
328,229
137,230
138,230
139,230
329,230
137,231
139,231
141,231
143,231
328,231
137,232
138,232
139,232
329,232
137,233
138,233
139,233
329,233
137,234
140,234
137,235
139,235
140,235
141,235
328,235
138,236
139,236
140,236
329,236
137,237
138,237
139,237
140,237
329,237
137,238
138,238
139,238
141,238
137,239
140,239
137,241
138,241
139,241
329,241
137,242
138,242
139,242
329,242
137,243
139,243
141,243
143,243
328,243
139,244
141,244
328,244
139,245
141,245
328,245
140,246
137,247
138,247
139,247
329,247
139,248
140,248
141,248
328,248
139,249
140,249
141,249
328,249
88,250
90,250
91,250
137,251
138,251
139,251
329,251
85,252
88,252
90,252
91,252
85,253
88,253
92,253
85,254
88,254
91,254
93,254
85,255
88,255
92,255
93,255
265,256
265,257
265,258
265,259
265,260
265,261
265,262
265,263
225,264
230,264
97,265
265,265
99,266
99,267
99,268
99,269
99,270
405,270
88,271
91,271
85,272
88,272
91,272
85,273
87,273
88,273
85,274
88,274
90,274
91,274
90,275
91,275
92,275
156,277
157,277
158,278
166,279
166,280
166,281
166,282
166,283
167,283
169,283
166,284
166,285
158,287
159,288
160,288
159,289
160,289
161,289
162,289
156,290
157,290
159,291
160,291
161,291
162,291
159,292
160,292
162,292
159,293
160,293
35,294
36,294
37,294
43,295
156,296
157,296
35,297
36,297
38,297
35,298
36,298
38,298
35,299
36,299
42,300
36,301
38,301
35,302
36,302
42,303
43,303
44,303
42,304
43,304
44,304
41,305
44,305
159,306
160,306
161,306
162,306
38,307
43,308
44,308
103,309
107,309
42,310
103,311
107,311
43,312
44,312
146,313
147,313
148,313
38,314
42,314
102,315
105,315
38,316
42,316
146,317
147,317
148,317
38,318
42,318
156,319
157,319
158,319
38,320
42,320
156,321
157,321
39,322
41,322
156,323
157,323
156,324
157,324
159,325
160,325
24,326
33,326
313,326
24,327
33,327
313,327
23,328
24,328
33,328
313,328
23,329
24,329
33,329
23,330
24,330
26,330
33,330
24,331
29,331
314,331
33,332
310,332
314,332
26,333
28,333
33,333
25,334
27,334
32,334
34,334
25,335
27,335
32,335
34,335
26,336
33,336
310,336
27,337
28,337
31,337
310,337
27,338
28,338
31,338
310,338
27,339
28,339
31,339
310,339
23,340
24,340
26,340
26,341
33,341
26,342
33,342
39,343
41,343
38,344
25,345
27,345
31,345
32,345
23,346
26,346
33,346
24,347
26,347
33,347
30,348
311,348
30,349
311,349
27,351
28,351
31,351
313,351
26,352
33,352
27,353
31,353
32,353
313,353
29,354
314,354
27,355
31,355
32,355
313,355
31,356
32,356
313,356
24,357
33,357
314,357
26,358
33,358
310,358
25,359
26,359
32,359
34,359
24,360
33,360
310,360
75,362
364,362
374,362
13,363
14,363
10,364
79,365
364,365
365,365
367,365
374,365
10,366
11,367
13,368
14,368
9,369
17,369
79,370
366,370
367,370
9,371
17,371
78,372
79,372
75,373
364,373
365,373
367,373
78,374
81,374
368,374
371,374
159,375
160,375
158,376
158,377
159,377
160,377
161,378
162,378
164,378
161,379
162,379
164,379
158,380
159,381
160,381
161,382
162,382
164,382
156,383
157,383
158,383
156,384
157,384
164,384
165,384
156,385
157,385
158,385
81,386
83,386
364,386
369,386
103,388
105,388
107,388
103,389
105,389
107,389
101,390
103,390
107,390
103,391
107,391
101,392
102,392
103,393
107,393
101,394
103,394
107,394
101,395
106,395
103,396
106,396
101,397
103,397
107,397
101,398
103,398
107,398
101,399
103,399
101,400
103,400
107,400
103,401
107,401
102,402
107,402
103,403
105,403
107,403
105,404
107,404
103,405
105,405
107,405
103,406
107,406
101,407
102,407
107,407
101,408
102,408
107,408
105,409
107,409
103,410
105,410
107,410
102,411
107,411
103,412
106,412
103,413
107,413
103,414
105,414
107,414
148,415
149,415
150,415
151,416
152,416
151,417
152,417
146,419
152,419
146,420
151,420
152,420
148,421
149,421
150,421
147,422
148,422
146,423
147,423
148,423
148,424
149,424
150,424
146,425
151,425
155,425
148,426
151,426
146,427
151,427
152,427
151,428
152,428
155,428
146,429
147,429
148,429
146,430
147,430
148,430
146,431
147,431
148,431
146,432
148,432
146,433
152,433
146,434
151,434
152,434
151,435
153,435
154,435
151,436
153,436
154,436
157,437
165,437
146,438
147,438
148,438
146,439
147,439
148,439
146,440
151,440
152,440
148,441
151,441
85,442
88,442
90,442
91,442
159,443
160,443
161,443
162,443
164,443
159,444
160,444
148,446
151,446
155,446
148,447
151,447
155,447
146,448
152,448
153,449
154,449
146,450
147,450
148,450
150,451
152,451
148,452
149,452
150,452
148,453
149,453
150,453
151,454
151,455
16,456
146,457
147,457
148,457
9,458
146,459
147,459
148,459
13,460
14,460
14,461
14,462
11,463
13,463
15,464
75,465
369,465
75,466
368,466
15,467
368,468
369,468
75,469
80,469
368,469
75,470
368,470
75,471
369,471
370,471
75,472
370,472
371,472
431,472
77,473
368,473
372,473
75,474
372,474
75,475
77,475
368,475
77,476
373,476
75,477
364,477
372,477
373,477
75,478
76,478
368,478
81,479
368,479
364,480
368,480
374,480
79,481
81,481
367,481
368,481
75,482
364,482
368,482
85,483
88,483
90,483
91,483
85,484
88,484
91,484
39,485
41,485
43,486
44,486
43,487
44,487
43,488
44,488
43,489
44,489
36,490
38,490
44,490
36,491
38,491
44,491
35,492
36,492
43,492
44,492
16,493
21,494
21,495
15,496
15,497
16,498
16,499
16,500
306,501
19,502
19,503
19,504
16,505
20,506
20,507
20,508
20,509
20,510
16,511
18,511
16,512
16,513
18,513
16,514
18,514
9,515
17,515
22,515
20,516
20,517
15,518
15,519
15,520
15,521
21,521
15,522
16,522
9,523
15,523
17,524
22,524
108,525
111,525
113,525
111,526
112,526
113,526
111,527
112,527
108,528
113,528
221,528
108,529
111,529
113,529
108,530
110,530
111,530
113,530
108,531
111,531
113,531
108,532
111,532
112,532
110,533
111,533
112,533
112,534
113,534
221,534
112,535
113,535
221,535
110,536
111,536
113,536
112,537
113,537
221,537
112,538
113,538
221,538
108,539
111,539
112,539
110,540
111,540
113,540
108,541
111,541
113,541
108,542
110,542
111,542
111,543
112,543
221,543
108,544
111,544
112,544
108,545
110,545
113,545
64,546
69,546
348,546
64,547
69,547
348,547
64,548
348,548
65,549
348,549
65,550
66,550
348,550
64,551
66,551
67,552
349,552
64,553
348,553
349,553
64,554
69,554
70,554
66,555
70,555
72,555
68,556
70,556
72,556
70,557
71,557
73,558
349,558
65,559
73,559
64,560
66,560
70,560
72,560
72,561
349,561
66,562
72,562
73,562
72,563
73,563
349,563
65,564
66,564
64,565
66,565
70,565
70,566
71,566
72,566
66,567
72,567
349,567
65,568
73,568
64,569
66,569
68,569
69,570
70,570
72,571
73,571
74,571
64,572
66,572
64,573
348,573
64,574
72,574
73,574
348,574
349,574
64,575
69,575
65,576
72,576
73,576
88,579
91,579
92,579
85,580
91,580
92,580
81,581
368,581
79,582
365,582
79,583
374,583
76,584
368,584
75,589
368,589
375,589
85,590
91,590
92,590
85,591
86,591
92,591
322,592
127,593
129,593
132,593
127,594
130,594
132,594
127,595
128,595
132,595
322,596
127,597
129,597
132,597
108,598
111,598
113,598
109,599
111,599
108,600
111,600
113,600
127,601
128,601
132,601
127,602
132,602
323,602
322,603
127,604
129,604
132,604
127,605
130,605
132,605
127,606
130,606
132,606
127,607
128,607
322,608
109,609
111,609
127,610
129,610
132,610
3,611
5,611
4,612
5,612
4,613
5,613
5,614
5,615
127,616
128,616
132,616
127,617
323,617
127,618
128,618
132,618
324,618
127,619
130,619
132,619
132,620
132,621
127,622
134,622
127,623
134,623
127,624
130,624
134,624
129,625
131,625
133,625
129,626
131,626
133,626
127,627
129,627
132,627
127,628
129,628
132,628
128,629
325,629
128,630
108,631
109,631
111,631
109,632
111,632
115,633
116,633
121,633
122,633
123,633
115,634
116,634
117,634
122,634
123,634
119,635
122,635
123,635
114,636
115,636
116,636
114,637
116,637
122,637
123,637
115,638
120,638
121,638
122,638
116,639
117,639
121,639
122,639
123,639
121,640
122,640
123,640
118,641
119,641
120,641
114,642
115,642
116,642
124,642
114,643
115,643
116,643
121,644
122,644
123,644
116,645
118,645
119,645
120,645
121,645
114,646
115,646
116,646
117,646
118,646
115,647
119,647
122,647
123,647
125,647
116,648
118,648
120,648
121,648
123,648
114,650
115,650
116,650
117,650
114,651
115,651
116,651
117,651
117,652
118,652
119,652
117,653
118,653
119,653
120,653
108,654
109,654
111,654
108,655
109,655
111,655
108,656
110,656
113,656
85,657
91,657
92,657
85,658
88,658
91,658
85,659
86,659
91,659
92,659
88,660
90,660
91,660
85,661
86,661
92,661
5,662
5,663
317,663
5,664
317,664
3,665
5,665
317,665
5,666
317,666
5,667
317,667
5,668
317,668
182,671
188,671
182,672
188,672
182,673
186,673
188,673
183,674
188,674
191,675
337,675
191,676
336,676
337,676
191,677
336,677
337,677
182,678
182,679
182,680
182,681
182,682
337,683
338,683
338,684
345,684
346,684
182,685
183,685
182,686
183,686
182,687
183,687
182,688
183,688
182,689
183,689
188,689
1,690
5,690
7,690
319,690
320,690
1,691
5,691
7,691
319,691
320,691
182,692
183,692
188,692
182,693
182,694
72,696
73,696
74,696
65,697
348,697
69,698
70,698
72,699
73,699
74,699
349,699
64,700
348,700
65,701
348,701
72,702
73,702
64,703
73,703
348,703
101,714
103,714
107,714
108,716
111,716
113,716
88,717
90,717
91,717
101,718
102,718
102,719
107,719
85,720
88,720
90,720
92,720
85,721
86,721
88,721
90,721
102,722
103,722
101,723
103,723
106,723
101,724
104,724
108,725
109,725
110,725
108,726
111,726
112,726
85,727
86,727
90,727
92,727
111,728
112,728
113,728
88,729
90,729
91,729
85,730
91,730
92,730
101,731
104,731
103,732
104,732
106,732
103,733
107,733
85,734
86,734
92,734
86,735
87,735
88,735
92,735
166,736
167,736
169,736
166,737
166,738
168,738
166,739
168,739
166,740
166,741
168,741
166,742
170,742
166,743
170,743
166,744
167,744
169,744
167,745
169,745
170,745
171,745
172,745
167,746
169,746
170,746
171,746
172,746
167,747
169,747
170,747
171,747
172,747
167,748
169,748
170,748
171,748
172,748
167,749
169,749
170,749
171,749
172,749
167,750
169,750
170,750
171,750
172,750
167,751
169,751
170,751
171,751
172,751
85,752
88,752
86,753
91,753
108,754
109,754
111,754
108,755
110,755
113,755
111,756
112,756
221,756
108,757
111,757
113,757
108,758
111,758
113,758
111,759
112,759
113,759
35,760
36,760
43,760
44,760
35,761
36,761
43,761
44,761
41,762
44,762
41,763
44,763
44,764
44,765
35,766
36,766
35,767
36,767
38,768
44,768
39,769
41,769
39,770
41,770
35,771
36,771
43,771
44,771
35,772
36,772
43,772
44,772
35,773
36,773
43,773
44,773
35,774
36,774
43,774
44,774
35,775
36,775
43,775
44,775
161,776
162,776
164,776
158,777
158,778
157,779
163,779
159,780
160,780
161,780
162,780
159,781
160,781
157,782
158,782
161,783
162,783
156,784
157,784
156,785
157,785
5,786
317,786
2,787
5,787
2,788
5,788
2,789
5,789
5,790
6,790
5,791
6,791
5,792
6,792
317,792
5,793
8,793
317,793
5,794
317,794
5,795
8,795
2,796
5,796
6,796
5,797
317,797
5,798
317,798
5,799
317,799
2,800
5,800
5,801
317,801
5,802
317,802
5,803
317,803
167,804
169,804
170,804
171,804
172,804
167,805
169,805
170,805
171,805
172,805
167,806
169,806
171,806
172,806
167,808
169,808
171,808
172,808
169,809
171,809
172,809
173,809
174,809
169,810
171,810
172,810
173,810
174,810
169,811
171,811
172,811
173,811
174,811
169,812
171,812
172,812
173,812
174,812
177,818
178,818
181,818
267,818
178,819
262,819
273,819
176,820
177,820
178,820
181,820
261,820
176,821
177,821
178,821
181,821
261,821
176,822
177,822
178,822
181,822
261,822
176,823
177,823
178,823
181,823
261,823
177,824
178,824
181,824
262,824
177,825
262,825
273,825
178,826
262,826
273,826
177,827
178,827
262,827
273,827
201,828
202,828
203,828
202,829
202,830
202,831
200,832
202,833
205,833
200,834
202,834
203,834
205,835
202,836
202,837
233,838
182,839
233,839
233,840
231,841
231,842
234,842
191,843
193,843
231,843
232,843
234,843
182,844
233,844
182,845
233,845
232,846
232,847
127,848
129,848
326,848
127,849
129,849
134,849
129,850
131,850
133,850
127,851
129,851
326,851
129,852
131,852
133,852
127,853
327,853
127,854
324,854
127,855
324,855
127,856
324,856
127,857
324,857
176,858
177,858
178,858
181,858
261,858
176,859
177,859
178,859
181,859
261,859
176,860
177,860
178,860
181,860
261,860
177,861
178,861
181,861
261,861
177,862
178,862
181,862
261,862
177,863
178,863
181,863
261,863
177,864
178,864
262,864
177,865
178,865
262,865
177,866
178,866
181,866
261,866
177,867
178,867
181,867
261,867
267,867
200,868
200,869
203,869
202,870
203,870
203,871
205,871
202,872
203,872
265,873
97,874
265,874
265,875
97,876
99,877
99,878
99,879
428,879
99,880
265,880
99,881
265,881
97,882
98,882
265,882
97,883
98,883
265,883
99,885
265,885
97,886
265,886
428,886
97,887
265,887
202,888
202,889
202,890
380,891
382,891
380,892
382,892
231,893
234,893
231,894
234,894
233,895
182,896
233,896
182,897
233,897
233,898
232,899
232,900
232,901
233,902
199,903
200,903
203,903
199,904
200,904
203,904
199,905
203,905
379,905
202,906
202,907
97,908
97,909
265,909
177,910
178,910
261,910
262,910
267,910
176,911
177,911
178,911
181,911
261,911
97,912
265,912
428,912
137,913
138,913
139,913
141,913
137,914
139,914
141,914
328,914
137,915
139,915
140,915
141,915
328,915
138,916
139,916
328,916
138,917
139,917
329,917
191,918
336,918
339,919
340,920
340,921
191,922
336,922
341,923
80,924
368,924
431,924
342,925
341,926
342,927
339,928
343,928
344,928
75,929
80,929
80,930
431,930
80,933
431,933
75,934
84,934
368,934
84,935
364,935
368,935
84,936
364,936
368,936
374,936
84,937
368,937
369,937
80,938
84,938
80,939
81,939
84,939
368,939
431,939
78,940
82,940
78,941
82,941
81,942
83,942
81,943
83,943
81,944
83,944
81,945
83,945
82,946
371,946
378,946
432,946
81,947
83,947
376,947
137,948
140,948
140,949
139,950
141,950
328,950
137,951
139,951
141,951
328,951
137,952
140,952
166,955
166,956
166,957
166,958
166,959
176,960
178,960
273,960
138,961
139,961
140,961
141,961
328,961
167,962
170,962
177,963
178,963
179,963
273,963
177,964
273,964
167,965
169,965
173,965
231,967
361,967
231,968
361,968
231,969
361,969
361,970
361,971
361,972
362,973
362,974
362,975
361,976
231,978
233,980
182,981
186,981
188,981
182,982
186,982
188,982
182,983
188,983
182,984
186,984
188,984
231,985
231,986
233,987
231,988
233,989
233,990
231,991
182,992
233,992
362,993
182,994
232,994
231,995
231,996
233,997
265,998
265,999
265,1000
265,1001
265,1002
166,1003
177,1004
178,1004
181,1004
261,1004
177,1005
178,1005
181,1005
261,1005
167,1006
169,1006
173,1006
177,1007
178,1007
181,1007
261,1007
177,1008
178,1008
181,1008
261,1008
167,1009
169,1009
173,1009
260,1009
176,1010
177,1010
178,1010
273,1010
176,1011
177,1011
178,1011
181,1011
273,1011
176,1012
177,1012
178,1012
181,1012
261,1012
177,1013
178,1013
177,1014
181,1014
267,1014
179,1015
180,1015
177,1016
178,1016
179,1016
167,1017
169,1017
173,1017
259,1017
167,1018
169,1018
173,1018
167,1019
169,1019
174,1019
167,1020
169,1020
174,1020
167,1021
169,1021
174,1021
167,1022
169,1022
174,1022
75,1023
368,1023
362,1024
363,1025
362,1026
363,1027
363,1028
265,1029
265,1030
97,1031
265,1031
87,1032
91,1032
92,1032
265,1032
97,1033
265,1033
226,1034
228,1034
257,1034
226,1035
228,1035
257,1035
226,1036
228,1036
257,1036
226,1037
228,1037
257,1037
226,1038
228,1038
257,1038
227,1039
228,1039
257,1039
226,1040
228,1040
229,1040
257,1040
226,1041
228,1041
257,1041
226,1042
228,1042
257,1042
226,1043
228,1043
257,1043
226,1044
228,1044
257,1044
226,1045
228,1045
257,1045
226,1046
228,1046
257,1046
226,1047
228,1047
257,1047
226,1048
228,1048
257,1048
226,1049
228,1049
229,1049
257,1049
29,1052
310,1052
314,1052
176,1053
177,1053
178,1053
181,1053
261,1053
25,1054
26,1054
313,1054
314,1054
30,1056
311,1056
30,1057
311,1057
30,1058
311,1058
30,1059
311,1059
30,1060
311,1060
99,1063
99,1064
99,1065
99,1066
99,1067
265,1067
99,1068
265,1068
266,1069
266,1070
266,1071
265,1072
99,1073
266,1074
99,1075
99,1076
87,1077
91,1077
92,1077
266,1077
99,1078
266,1079
266,1080
99,1081
265,1081
99,1084
265,1084
222,1086
224,1086
222,1087
224,1087
222,1088
224,1088
224,1089
350,1089
223,1090
224,1090
222,1091
224,1091
223,1092
224,1092
223,1093
358,1093
351,1094
352,1095
351,1096
268,1097
269,1097
269,1098
270,1098
353,1099
355,1100
356,1101
222,1102
224,1102
222,1103
224,1103
223,1104
224,1104
224,1105
350,1105
224,1106
350,1106
357,1106
222,1107
358,1107
268,1108
269,1108
268,1109
269,1109
269,1110
270,1110
269,1111
270,1111
269,1112
270,1112
269,1113
270,1113
359,1114
353,1115
353,1116
354,1117
353,1118
358,1118
356,1119
355,1120
358,1120
85,1121
88,1121
90,1121
103,1123
105,1123
107,1123
288,1124
286,1125
293,1125
294,1125
332,1125
286,1126
293,1126
294,1126
332,1126
286,1127
293,1127
294,1127
332,1127
286,1128
289,1128
249,1164
250,1164
249,1165
250,1165
249,1166
250,1166
249,1167
250,1167
249,1168
250,1168
249,1169
250,1169
249,1170
250,1170
249,1171
250,1171
249,1172
250,1172
249,1173
251,1173
258,1173
249,1174
251,1174
249,1175
251,1175
258,1175
249,1176
251,1176
254,1176
249,1177
251,1177
258,1177
249,1178
251,1178
249,1179
251,1179
249,1180
254,1180
249,1181
250,1181
254,1181
249,1182
254,1182
249,1183
252,1183
249,1184
252,1184
249,1185
252,1185
249,1186
253,1186
249,1187
253,1187
249,1188
253,1188
249,1189
253,1189
249,1190
253,1190
249,1191
255,1191
250,1192
255,1192
250,1193
255,1193
249,1194
255,1194
250,1195
255,1195
250,1196
255,1196
250,1197
255,1197
250,1198
255,1198
254,1199
255,1199
250,1200
255,1200
250,1201
256,1201
250,1202
256,1202
250,1203
256,1203
250,1204
256,1204
250,1205
256,1205
249,1206
250,1206
256,1206
249,1207
250,1207
256,1207
176,1208
177,1208
178,1208
181,1208
261,1208
176,1209
177,1209
178,1209
262,1209
176,1211
177,1211
181,1211
49,1212
52,1212
61,1212
264,1212
359,1213
359,1214
268,1215
269,1215
269,1216
270,1216
265,1218
91,1220
92,1220
85,1221
91,1221
92,1221
87,1222
91,1222
85,1223
87,1223
88,1223
91,1223
85,1224
87,1224
91,1224
85,1225
87,1225
88,1225
91,1225
93,1225
85,1226
86,1226
92,1226
85,1227
86,1227
88,1227
91,1227
93,1227
265,1228
265,1229
265,1230
265,1231
265,1232
266,1233
233,1234
233,1235
233,1236
233,1237
182,1238
182,1239
182,1240
182,1241
186,1241
188,1241
182,1242
186,1242
188,1242
182,1243
186,1243
188,1243
182,1244
186,1244
188,1244
182,1245
186,1245
188,1245
177,1246
178,1246
267,1246
274,1246
177,1247
178,1247
181,1247
108,1248
111,1248
113,1248
108,1249
111,1249
112,1249
268,1250
269,1250
269,1251
270,1251
269,1252
270,1252
191,1254
344,1254
191,1255
344,1255
15,1256
16,1256
18,1256
9,1257
17,1257
275,1258
280,1258
315,1258
279,1259
280,1259
316,1259
275,1260
277,1260
316,1260
275,1261
277,1261
316,1261
275,1262
278,1262
316,1262
275,1263
278,1263
316,1263
275,1264
278,1264
316,1264
275,1265
278,1265
316,1265
275,1266
277,1266
316,1266
275,1267
278,1267
279,1267
278,1268
279,1268
316,1268
277,1269
279,1269
316,1269
278,1270
279,1270
316,1270
277,1271
279,1271
316,1271
277,1272
279,1272
316,1272
278,1273
279,1273
316,1273
279,1274
280,1274
316,1274
277,1275
279,1275
316,1275
278,1276
279,1276
316,1276
275,1277
277,1277
316,1277
275,1278
280,1278
315,1278
275,1279
280,1279
315,1279
275,1280
280,1280
316,1280
275,1281
280,1281
316,1281
275,1282
280,1282
316,1282
275,1283
280,1283
316,1283
275,1284
277,1284
316,1284
275,1285
277,1285
316,1285
275,1286
278,1286
316,1286
277,1287
279,1287
316,1287
275,1288
280,1288
316,1288
275,1289
277,1289
316,1289
275,1290
279,1290
280,1290
316,1290
275,1291
280,1291
315,1291
275,1292
280,1292
316,1292
275,1293
280,1293
316,1293
275,1294
280,1294
316,1294
275,1295
280,1295
316,1295
275,1296
280,1296
316,1296
275,1297
280,1297
316,1297
275,1298
280,1298
316,1298
275,1299
277,1299
316,1299
279,1300
280,1300
316,1300
277,1301
279,1301
316,1301
275,1302
280,1302
316,1302
275,1303
280,1303
316,1303
275,1304
280,1304
316,1304
280,1305
316,1305
275,1306
280,1306
316,1306
275,1307
280,1307
316,1307
275,1308
280,1308
316,1308
275,1309
280,1309
316,1309
275,1310
280,1310
316,1310
275,1311
280,1311
316,1311
275,1312
278,1312
316,1312
277,1313
279,1313
316,1313
279,1314
280,1314
316,1314
278,1315
279,1315
316,1315
275,1316
277,1316
316,1316
275,1317
277,1317
316,1317
275,1318
277,1318
316,1318
275,1319
277,1319
316,1319
275,1320
277,1320
316,1320
277,1321
279,1321
316,1321
277,1322
279,1322
316,1322
277,1323
279,1323
316,1323
277,1324
279,1324
316,1324
275,1325
277,1325
316,1325
275,1326
277,1326
316,1326
275,1327
278,1327
316,1327
275,1328
278,1328
316,1328
275,1329
278,1329
316,1329
275,1330
278,1330
316,1330
275,1331
278,1331
316,1331
278,1332
279,1332
316,1332
278,1333
279,1333
316,1333
278,1334
279,1334
316,1334
278,1335
279,1335
316,1335
277,1336
278,1336
316,1336
277,1337
278,1337
316,1337
275,1338
278,1338
316,1338
299,1339
304,1339
305,1339
305,1340
305,1341
299,1342
304,1342
305,1342
299,1343
304,1343
305,1343
299,1344
304,1344
305,1344
305,1345
299,1346
300,1346
304,1346
305,1346
302,1347
304,1347
305,1348
300,1349
304,1349
305,1349
302,1350
304,1350
302,1351
304,1351
302,1352
304,1352
305,1353
303,1354
303,1356
303,1357
301,1358
301,1359
277,1367
279,1367
316,1367
275,1368
280,1368
316,1368
278,1369
279,1369
316,1369
275,1370
277,1370
316,1370
275,1371
277,1371
316,1371
278,1372
279,1372
316,1372
277,1373
279,1373
316,1373
286,1374
293,1374
332,1374
281,1375
283,1375
286,1376
293,1376
284,1377
293,1377
289,1378
330,1378
289,1379
330,1379
286,1380
293,1380
294,1380
332,1380
289,1381
290,1381
330,1381
334,1381
289,1382
288,1383
289,1383
281,1384
283,1384
281,1385
283,1385
281,1386
283,1386
281,1387
331,1387
282,1388
330,1388
293,1391
282,1392
284,1392
286,1392
293,1392
289,1393
333,1393
289,1394
334,1394
281,1395
287,1395
292,1395
282,1396
284,1396
286,1396
293,1396
332,1396
286,1397
285,1399
287,1399
291,1399
292,1399
284,1400
286,1400
293,1400
281,1401
283,1401
330,1401
289,1402
333,1402
282,1403
330,1403
286,1405
293,1405
332,1405
286,1406
293,1406
281,1407
281,1408
300,1409
304,1409
305,1409
300,1410
304,1410
305,1410
299,1411
304,1411
305,1411
305,1412
305,1413
305,1414
300,1415
304,1415
305,1415
300,1416
304,1416
305,1416
299,1417
304,1417
305,1417
299,1418
304,1418
305,1418
299,1419
304,1419
305,1419
295,1420
298,1420
307,1420
295,1421
297,1421
307,1421
295,1422
298,1422
307,1422
295,1423
297,1423
307,1423
297,1424
307,1424
297,1425
307,1425
295,1426
297,1426
307,1426
295,1427
297,1427
307,1427
295,1428
297,1428
307,1428
295,1429
297,1429
307,1429
295,1430
297,1430
307,1430
295,1431
307,1431
295,1432
297,1432
307,1432
295,1433
297,1433
307,1433
295,1434
297,1434
307,1434
295,1435
297,1435
307,1435
295,1436
298,1436
307,1436
295,1437
297,1437
307,1437
295,1438
298,1438
307,1438
295,1439
298,1439
308,1439
295,1440
298,1440
308,1440
295,1441
297,1441
308,1441
33,1472
314,1472
25,1473
32,1473
34,1473
313,1473
25,1474
32,1474
31,1475
34,1475
313,1475
26,1476
33,1476
313,1476
26,1477
32,1477
33,1477
313,1477
32,1478
33,1478
25,1479
313,1479
314,1479
32,1480
33,1480
34,1480
30,1481
311,1481
30,1482
311,1482
30,1483
311,1483
30,1484
32,1484
311,1484
30,1485
32,1485
311,1485
30,1486
32,1486
311,1486
26,1487
33,1487
311,1487
24,1488
26,1488
33,1488
313,1488
23,1489
24,1489
314,1489
23,1490
24,1490
314,1490
23,1491
24,1491
314,1491
23,1492
24,1492
314,1492
23,1493
24,1493
314,1493
23,1494
24,1494
25,1494
314,1494
24,1495
26,1495
33,1495
313,1495
26,1496
33,1496
26,1497
33,1497
31,1498
32,1498
23,1499
28,1499
313,1499
26,1500
311,1500
314,1500
75,1501
80,1501
368,1501
75,1504
77,1504
81,1505
368,1505
374,1505
368,1507
371,1507
366,1508
367,1508
75,1509
368,1509
431,1509
75,1510
368,1510
77,1511
371,1511
75,1512
368,1512
371,1512
81,1513
83,1513
26,1514
33,1514
310,1514
3,1517
4,1517
5,1517
8,1517
321,1517
3,1518
4,1518
5,1518
321,1518
3,1519
4,1519
5,1519
318,1519
3,1520
5,1520
8,1520
321,1520
3,1521
4,1521
5,1521
318,1521
321,1521
318,1522
321,1522
4,1523
318,1523
321,1523
4,1524
318,1524
321,1524
4,1525
318,1525
321,1525
4,1526
318,1526
321,1526
4,1527
318,1527
321,1527
4,1528
318,1528
321,1528
4,1529
318,1529
321,1529
4,1530
318,1530
321,1530
4,1531
318,1531
321,1531
3,1532
4,1532
5,1532
318,1532
321,1532
5,1533
7,1533
5,1534
7,1534
5,1536
7,1536
321,1536
5,1537
7,1537
321,1537
7,1538
318,1538
321,1538
319,1539
320,1539
4,1540
319,1540
320,1540
317,1541
319,1541
320,1541
5,1542
319,1542
320,1542
319,1543
320,1543
319,1544
320,1544
319,1545
320,1545
319,1546
320,1546
319,1547
320,1547
4,1548
319,1548
320,1548
319,1549
320,1549
319,1550
320,1550
5,1551
319,1551
320,1551
7,1552
319,1552
320,1552
7,1553
319,1553
320,1553
7,1554
319,1554
321,1554
7,1555
319,1555
320,1555
5,1556
7,1556
319,1556
320,1556
7,1557
319,1557
320,1557
319,1558
320,1558
319,1559
320,1559
5,1560
319,1560
320,1560
317,1561
320,1561
319,1562
320,1562
319,1563
320,1563
319,1564
320,1564
3,1565
319,1565
320,1565
319,1566
320,1566
5,1567
319,1567
320,1567
5,1568
7,1568
4,1570
7,1570
5,1571
7,1571
5,1572
7,1572
319,1572
320,1572
5,1573
7,1573
319,1573
5,1574
7,1574
3,1575
5,1575
295,1576
297,1576
308,1576
295,1577
297,1577
308,1577
295,1578
297,1578
308,1578
295,1579
297,1579
308,1579
298,1580
308,1580
295,1581
298,1581
308,1581
295,1582
297,1582
308,1582
295,1583
298,1583
308,1583
295,1584
298,1584
308,1584
295,1585
308,1585
295,1586
298,1586
308,1586
295,1587
297,1587
307,1587
295,1588
307,1588
295,1589
297,1589
307,1589
298,1590
307,1590
295,1591
297,1591
307,1591
295,1592
297,1592
307,1592
295,1593
297,1593
307,1593
297,1594
307,1594
295,1595
307,1595
297,1596
308,1596
297,1597
308,1597
297,1598
308,1598
295,1599
296,1599
298,1599
308,1599
297,1600
308,1600
297,1601
308,1601
297,1602
308,1602
296,1603
298,1603
296,1604
298,1604
296,1605
308,1605
296,1606
298,1606
296,1607
308,1607
296,1608
298,1608
296,1609
298,1609
296,1610
298,1610
296,1611
308,1611
296,1612
298,1612
308,1612
296,1613
298,1613
308,1613
312,1623
313,1623
59,1625
395,1625
58,1626
395,1626
36,1627
409,1627
38,1628
409,1628
38,1629
409,1629
36,1630
38,1630
409,1630
293,1634
294,1634
286,1635
288,1635
294,1635
286,1636
288,1636
294,1636
62,1638
264,1638
389,1638
361,1639
363,1639
231,1640
361,1640
58,1641
390,1641
395,1641
361,1642
362,1642
75,1643
77,1643
368,1643
75,1644
368,1644
371,1644
12,1645
15,1645
75,1646
76,1646
368,1646
75,1647
368,1647
372,1647
368,1648
371,1648
373,1648
378,1648
432,1648
83,1649
368,1649
377,1649
75,1650
81,1650
83,1650
368,1650
75,1651
80,1651
368,1651
76,1652
368,1652
373,1652
37,1653
44,1653
37,1654
43,1654
36,1656
41,1656
250,1657
255,1657
439,1657
3,1658
318,1658
250,1659
254,1659
255,1659
439,1659
49,1660
55,1660
250,1661
255,1661
439,1661
47,1662
49,1662
250,1663
255,1663
439,1663
45,1664
46,1664
250,1665
255,1665
439,1665
45,1666
46,1666
50,1666
35,1667
44,1667
249,1668
255,1668
439,1668
49,1669
50,1669
60,1669
35,1670
36,1670
41,1670
250,1671
256,1671
49,1672
50,1672
36,1673
37,1673
250,1674
256,1674
49,1675
53,1675
35,1676
43,1676
250,1677
256,1677
440,1677
46,1678
47,1678
48,1678
36,1679
37,1679
250,1680
255,1680
439,1680
440,1680
47,1681
50,1681
36,1682
37,1682
45,1684
49,1684
36,1685
37,1685
45,1687
51,1687
36,1688
37,1688
49,1690
422,1690
55,1692
264,1692
58,1693
424,1693
36,1694
44,1694
36,1695
44,1695
177,1696
178,1696
261,1696
36,1697
44,1697
38,1701
41,1701
5,1703
317,1703
36,1704
41,1704
46,1708
58,1708
63,1708
424,1708
65,1709
387,1709
62,1711
264,1711
389,1711
72,1712
73,1712
74,1712
387,1712
287,1713
291,1713
292,1713
65,1714
348,1714
387,1714
284,1715
285,1715
288,1715
119,1716
122,1716
123,1716
70,1717
299,1718
305,1718
116,1719
117,1719
122,1719
299,1721
304,1721
114,1722
116,1722
122,1722
300,1724
305,1724
120,1725
122,1725
66,1726
301,1727
302,1727
114,1728
116,1728
121,1728
123,1728
300,1730
304,1730
114,1731
116,1731
117,1731
299,1733
304,1733
118,1734
120,1734
72,1735
74,1735
116,1736
122,1736
70,1737
73,1737
303,1738
305,1738
116,1739
118,1739
121,1739
123,1739
73,1740
74,1740
115,1741
116,1741
70,1742
72,1742
73,1742
299,1743
304,1743
114,1744
116,1744
123,1744
433,1744
72,1745
73,1745
349,1745
302,1746
305,1746
116,1747
121,1747
433,1747
70,1748
73,1748
74,1748
116,1750
122,1750
123,1750
70,1751
72,1751
73,1751
302,1752
304,1752
116,1753
122,1753
123,1753
72,1754
73,1754
74,1754
349,1754
300,1755
304,1755
119,1756
122,1756
123,1756
72,1757
73,1757
301,1758
304,1758
114,1759
116,1759
118,1759
121,1759
72,1760
73,1760
74,1760
299,1761
304,1761
114,1762
116,1762
121,1762
300,1764
304,1764
116,1765
119,1765
120,1765
166,1766
396,1766
299,1767
305,1767
114,1768
116,1768
122,1768
166,1769
396,1769
418,1769
301,1770
302,1770
303,1770
119,1771
121,1771
122,1771
169,1772
396,1772
418,1772
299,1773
300,1773
303,1773
102,1774
107,1774
259,1775
396,1775
419,1775
300,1776
304,1776
305,1776
138,1777
140,1777
300,1778
304,1778
137,1779
139,1779
302,1780
304,1780
137,1781
139,1781
142,1781
9,1782
12,1782
303,1783
305,1783
137,1784
139,1784
10,1785
11,1785
304,1786
305,1786
137,1787
139,1787
396,1788
418,1788
302,1789
305,1789
288,1792
289,1792
334,1792
15,1794
394,1794
282,1795
286,1795
288,1795
102,1796
105,1796
9,1797
11,1797
288,1798
289,1798
334,1798
10,1799
11,1799
101,1800
102,1800
396,1801
419,1801
286,1802
288,1802
293,1802
101,1803
102,1803
103,1803
105,1803
396,1804
419,1804
286,1805
288,1805
334,1805
104,1806
105,1806
166,1807
167,1807
283,1808
288,1808
10,1809
11,1809
15,1809
17,1809
282,1810
288,1810
330,1810
167,1811
396,1811
418,1811
282,1812
286,1812
288,1812
293,1812
101,1813
102,1813
10,1814
11,1814
15,1814
284,1815
286,1815
293,1815
101,1816
106,1816
167,1817
396,1817
418,1817
286,1818
288,1818
289,1818
293,1818
103,1819
437,1819
438,1819
15,1820
21,1820
282,1821
283,1821
330,1821
101,1822
102,1822
167,1823
418,1823
286,1824
288,1824
293,1824
101,1825
102,1825
105,1825
167,1826
396,1826
281,1827
287,1827
291,1827
292,1827
331,1827
101,1828
103,1828
167,1829
396,1829
231,1830
232,1830
9,1831
394,1831
286,1832
288,1832
289,1832
293,1832
332,1832
231,1833
234,1833
173,1834
396,1834
285,1835
287,1835
291,1835
292,1835
331,1835
231,1836
234,1836
173,1837
396,1837
288,1838
293,1838
334,1838
231,1839
232,1839
234,1839
166,1840
396,1840
232,1841
233,1841
227,1844
230,1844
257,1844
396,1845
418,1845
396,1847
418,1847
97,1848
98,1848
99,1848
100,1848
405,1848
397,1849
421,1849
97,1850
99,1850
265,1850
396,1851
419,1851
97,1852
98,1852
265,1852
5,1854
317,1854
5,1856
317,1856
5,1858
317,1858
5,1860
317,1860
4,1862
318,1862
5,1864
317,1864
6,1866
321,1866
5,1867
317,1867
4,1869
318,1869
317,1870
321,1870
8,1871
317,1871
80,1872
84,1872
364,1872
371,1872
374,1872
5,1873
8,1873
2,1874
5,1874
81,1875
368,1875
371,1875
372,1875
5,1876
6,1876
322,1877
434,1877
6,1878
317,1878
118,1879
119,1879
122,1879
127,1880
130,1880
5,1881
317,1881
127,1882
130,1882
2,1883
5,1883
127,1884
128,1884
434,1884
2,1885
5,1885
132,1886
434,1886
91,1887
92,1887
127,1888
134,1888
85,1889
86,1889
92,1889
127,1890
134,1890
87,1891
90,1891
127,1892
129,1892
434,1892
86,1893
90,1893
127,1894
132,1894
434,1894
86,1895
90,1895
92,1895
128,1896
136,1896
327,1896
434,1896
86,1897
92,1897
127,1898
324,1898
325,1898
86,1899
87,1899
127,1900
128,1900
324,1900
434,1900
86,1901
91,1901
127,1902
324,1902
326,1902
434,1902
85,1903
92,1903
127,1904
133,1904
327,1904
435,1904
85,1905
86,1905
92,1905
85,1906
86,1906
92,1906
85,1907
90,1907
265,1908
428,1908
228,1909
427,1909
228,1910
229,1910
85,1911
86,1911
228,1912
229,1912
230,1912
85,1913
91,1913
226,1914
229,1914
427,1914
85,1915
91,1915
226,1916
228,1916
257,1916
86,1917
91,1917
229,1918
257,1918
86,1919
91,1919
227,1920
257,1920
427,1920
91,1921
92,1921
227,1922
228,1922
257,1922
85,1923
92,1923
85,1925
92,1925
85,1927
92,1927
139,1929
141,1929
328,1929
127,1930
128,1930
434,1930
138,1931
436,1931
127,1932
129,1932
434,1932
137,1933
139,1933
329,1933
128,1934
327,1934
434,1934
141,1935
328,1935
436,1935
127,1936
129,1936
130,1936
434,1936
138,1937
140,1937
436,1937
119,1938
122,1938
123,1938
138,1939
139,1939
436,1939
99,1940
428,1940
138,1941
139,1941
141,1941
436,1941
97,1942
99,1942
191,1943
337,1943
99,1944
265,1944
191,1945
336,1945
337,1945
266,1946
405,1946
191,1947
337,1947
177,1948
178,1948
193,1949
337,1949
176,1950
177,1950
178,1950
193,1951
337,1951
176,1952
177,1952
178,1952
193,1953
341,1953
181,1954
415,1954
416,1954
340,1955
345,1955
181,1956
415,1956
416,1956
182,1957
183,1957
185,1957
182,1958
183,1958
393,1958
413,1958
176,1959
177,1959
178,1959
182,1960
184,1960
186,1960
188,1960
177,1961
178,1961
274,1961
182,1962
183,1962
102,1963
103,1963
105,1963
181,1964
261,1964
274,1964
102,1965
103,1965
232,1966
233,1966
102,1967
105,1967
233,1968
361,1968
137,1969
138,1969
139,1969
232,1970
233,1970
138,1971
139,1971
232,1972
233,1972
138,1973
141,1973
328,1973
202,1974
386,1974
400,1974
403,1974
140,1975
436,1975
202,1976
386,1976
403,1976
140,1977
436,1977
201,1978
202,1978
203,1978
403,1978
137,1979
138,1979
140,1979
201,1980
202,1980
203,1980
404,1980
141,1981
328,1981
436,1981
232,1982
233,1982
139,1983
329,1983
232,1984
233,1984
102,1985
437,1985
97,1986
98,1986
102,1987
437,1987
99,1988
265,1988
103,1989
105,1989
99,1990
428,1990
103,1991
105,1991
226,1992
227,1992
257,1992
101,1993
103,1993
107,1993
99,1994
265,1994
103,1995
437,1995
438,1995
99,1996
428,1996
108,1997
111,1997
226,1998
229,1998
257,1998
108,1999
111,1999
441,1999
108,2001
111,2001
97,2002
265,2002
108,2003
111,2003
109,2005
110,2005
200,2006
202,2006
384,2006
184,2007
185,2007
414,2007
202,2008
379,2008
384,2008
182,2009
184,2009
200,2010
202,2010
204,2010
183,2011
185,2011
393,2011
199,2012
200,2012
191,2013
335,2013
412,2013
199,2014
201,2014
205,2014
191,2015
412,2015
199,2016
379,2016
339,2017
340,2017
412,2017
201,2018
386,2018
403,2018
183,2019
393,2019
201,2020
380,2020
403,2020
343,2021
412,2021
202,2022
386,2022
403,2022
345,2023
412,2023
232,2025
233,2025
232,2026
233,2026
146,2027
148,2027
232,2028
233,2028
147,2029
150,2029
231,2030
232,2030
233,2030
147,2031
148,2031
231,2032
232,2032
233,2032
146,2033
147,2033
148,2033
150,2033
231,2034
232,2034
233,2034
147,2035
148,2035
150,2035
151,2035
232,2036
233,2036
148,2037
150,2037
151,2037
231,2038
232,2038
146,2039
147,2039
148,2039
150,2039
151,2039
231,2040
232,2040
361,2040
147,2041
151,2041
415,2042
416,2042
146,2043
147,2043
148,2043
261,2044
415,2044
416,2044
147,2045
148,2045
151,2045
152,2045
145,2046
147,2046
150,2046
176,2047
177,2047
178,2047
147,2048
151,2048
155,2048
151,2049
154,2049
176,2050
177,2050
178,2050
273,2050
148,2051
151,2051
2,2052
5,2052
147,2053
150,2053
153,2053
5,2054
317,2054
157,2055
160,2055
161,2055
176,2056
273,2056
157,2057
159,2057
160,2057
176,2058
273,2058
157,2059
159,2059
160,2059
177,2060
178,2060
273,2060
156,2061
157,2061
5,2062
6,2062
157,2063
164,2063
6,2064
319,2064
157,2065
158,2065
163,2065
23,2066
24,2066
33,2066
312,2066
313,2066
157,2067
158,2067
23,2068
24,2068
33,2068
157,2069
158,2069
26,2070
33,2070
310,2070
157,2071
158,2071
23,2072
24,2072
26,2072
33,2072
157,2073
158,2073
159,2073
160,2073
161,2073
26,2074
33,2074
310,2074
314,2074
156,2075
157,2075
158,2075
33,2076
310,2076
312,2076
314,2076
156,2077
157,2077
33,2078
310,2078
313,2078
314,2078
157,2079
164,2079
165,2079
25,2080
311,2080
314,2080
157,2081
159,2081
160,2081
23,2082
24,2082
26,2082
33,2082
314,2082
157,2083
158,2083
159,2083
160,2083
23,2084
24,2084
25,2084
30,2084
311,2084
157,2085
158,2085
159,2085
160,2085
23,2086
24,2086
25,2086
30,2086
311,2086
157,2087
159,2087
160,2087
24,2088
26,2088
33,2088
310,2088
156,2089
159,2089
160,2089
31,2090
33,2090
157,2091
158,2091
27,2092
31,2092
156,2093
157,2093
30,2094
32,2094
33,2094
34,2094
147,2095
148,2095
23,2096
24,2096
26,2096
30,2096
146,2097
147,2097
148,2097
25,2098
26,2098
30,2098
33,2098
146,2099
147,2099
148,2099
151,2099
25,2100
30,2100
311,2100
146,2101
148,2101
151,2101
152,2101
25,2102
26,2102
30,2102
314,2102
146,2103
147,2103
148,2103
152,2103
310,2104
314,2104
388,2104
147,2105
153,2105
90,2106
91,2106
15,2107
16,2107
17,2107
88,2108
90,2108
9,2109
426,2109
91,2110
92,2110
9,2111
394,2111
86,2112
92,2112
20,2113
394,2113
85,2114
86,2114
90,2114
92,2114
20,2115
21,2115
88,2116
90,2116
16,2117
394,2117
201,2118
202,2118
16,2119
394,2119
201,2120
202,2120
386,2120
17,2121
22,2121
394,2121
202,2122
203,2122
386,2122
21,2123
394,2123
202,2124
203,2124
10,2125
21,2125
203,2126
386,2126
403,2126
108,2127
111,2127
201,2128
386,2128
404,2128
109,2129
110,2129
111,2129
288,2130
289,2130
334,2130
108,2131
111,2131
108,2132
111,2132
108,2134
111,2134
288,2135
289,2135
334,2135
108,2136
110,2136
111,2136
108,2137
110,2137
111,2137
108,2139
221,2139
108,2141
111,2141
221,2141
108,2143
110,2143
441,2143
283,2144
288,2144
80,2148
431,2148
368,2150
370,2150
283,2154
330,2154
81,2156
368,2156
371,2156
78,2158
79,2158
374,2158
36,2160
37,2160
36,2162
37,2162
249,2163
250,2163
258,2163
36,2164
37,2164
249,2165
250,2165
36,2166
37,2166
249,2167
250,2167
43,2168
44,2168
249,2169
250,2169
108,2170
111,2170
249,2171
250,2171
108,2172
221,2172
441,2172
249,2173
251,2173
110,2174
221,2174
441,2174
249,2175
250,2175
108,2176
110,2176
249,2177
250,2177
108,2178
110,2178
249,2179
252,2179
254,2179
176,2180
180,2180
261,2180
273,2180
249,2181
253,2181
250,2183
255,2183
439,2183
43,2184
44,2184
250,2185
255,2185
37,2186
43,2186
250,2187
439,2187
440,2187
