platformmaterialid,platformkeywordid
9,183
9,185
20,109
21,85
22,85
24,85
24,92
25,85
26,85
27,85
28,85
29,85
30,85
31,138
31,139
31,140
32,138
32,139
32,140
33,138
33,139
33,140
34,138
34,139
34,140
34,141
34,143
35,138
36,138
36,139
36,140
36,141
38,2
38,6
39,5
39,8
40,5
41,5
41,6
42,5
43,5
45,5
46,2
46,5
47,5
47,6
48,137
48,138
48,139
48,142
49,137
49,138
49,139
49,140
49,141
50,137
50,138
50,139
50,140
50,141
51,137
51,138
51,139
51,140
51,141
52,114
52,115
52,116
52,117
52,118
52,119
52,120
52,121
52,122
52,123
52,124
52,125
54,114
54,115
54,116
54,117
54,118
54,121
54,122
54,123
54,124
55,116
55,121
56,122
56,123
66,166
74,249
74,250
79,249
79,250
80,249
80,250
81,249
81,250
82,249
82,250
83,249
83,250
84,249
84,251
86,249
86,250
87,249
87,250
88,249
88,251
89,249
89,251
90,249
90,251
90,254
91,249
91,251
92,249
92,251
93,249
93,251
95,249
95,254
96,249
96,252
97,249
97,252
98,249
98,252
99,249
99,253
100,249
100,253
101,249
101,253
102,249
102,253
103,249
103,255
104,249
104,255
105,249
105,255
106,249
106,255
107,249
107,255
108,249
108,255
109,249
109,255
110,249
110,256
111,249
111,256
112,249
112,256
114,249
114,256
116,249
116,256
117,249
117,256
118,249
118,256
119,249
119,256
120,249
120,256
121,249
121,251
122,249
122,252
123,249
123,253
124,249
124,255
125,249
125,256
126,249
126,255
128,249
128,251
129,102
130,103
130,107
131,105
132,101
133,104
134,106
135,103
136,101
137,101
137,102
137,103
142,6
143,45
143,46
143,47
143,48
143,49
143,50
143,51
143,52
143,53
143,54
143,55
144,47
144,48
144,57
145,47
145,49
145,51
145,52
145,53
145,55
145,61
146,58
146,59
146,60
146,63
147,56
147,58
148,58
148,59
149,62
150,56
150,58
150,63
151,55
151,56
151,63
153,49
153,52
153,61
153,264
156,72
156,73
157,72
157,73
157,74
159,58
161,58
161,63
164,71
165,166
165,170
166,166
167,166
168,166
168,167
168,169
169,167
169,169
169,170
169,172
173,151
173,155
175,201
177,205
179,146
179,152
180,145
181,146
182,146
182,147
182,148
183,147
183,151
183,155
184,151
184,152
185,151
185,153
185,154
186,202
187,202
187,204
194,157
195,161
195,162
196,159
196,160
197,158
198,151
199,148
200,146
200,148
201,149
201,150
202,147
205,233
207,233
209,232
212,157
212,165
213,157
213,163
214,157
214,163
215,157
215,164
215,165
216,146
216,151
216,152
217,153
217,154
218,153
218,154
219,97
219,98
224,156
224,157
225,159
225,160
228,66
228,70
228,71
229,65
229,66
230,64
230,66
230,68
230,71
231,66
231,69
231,70
232,66
232,69
232,70
233,64
234,64
234,66
234,70
235,75
240,79
245,70
245,71
246,43
247,36
247,44
248,41
249,36
249,41
256,232
257,9
257,15
259,20
260,9
260,12
260,17
263,16
263,18
267,146
267,148
268,10
268,13
269,169
271,232
271,233
274,23
274,47
274,65
274,70
274,202
274,268
278,166
278,259
279,166
279,259
280,275
280,277
281,275
281,279
281,280
282,275
282,280
283,275
283,277
284,275
284,278
285,275
285,278
286,275
286,278
287,275
287,278
288,275
288,277
289,275
289,278
289,279
290,275
290,278
290,279
291,275
291,277
291,279
292,275
292,278
292,279
293,275
293,277
293,279
294,275
294,277
294,279
295,275
295,278
295,279
296,275
296,279
296,280
297,275
297,277
297,279
298,275
298,278
298,279
299,275
299,280
300,275
300,280
301,275
301,280
302,275
302,280
303,275
303,277
303,280
304,275
304,277
305,275
305,278
306,275
306,277
306,279
307,275
307,280
308,275
308,277
309,275
309,279
309,280
310,275
310,280
311,275
311,280
312,275
312,280
313,275
313,280
314,275
314,280
315,275
315,277
316,275
316,279
316,280
317,275
317,279
317,280
318,275
318,280
319,275
319,280
320,275
320,280
321,275
321,280
322,275
322,280
323,275
323,280
324,275
324,280
325,275
325,280
326,275
326,280
327,275
327,277
327,279
328,275
328,279
328,280
329,275
329,279
329,280
330,275
330,277
331,275
331,277
332,275
332,277
333,275
333,277
334,275
334,277
334,279
335,275
335,277
335,279
336,275
336,277
336,279
337,275
337,277
337,279
338,275
338,277
339,275
339,277
340,275
340,278
341,275
341,278
342,275
342,278
343,275
343,278
344,275
344,278
345,275
345,278
345,279
346,275
346,278
346,279
347,275
347,278
347,279
348,275
348,278
348,279
349,275
349,278
350,275
350,278
351,275
351,278
372,33
373,25
373,31
373,310
376,25
376,31
376,32
376,310
377,23
377,24
377,25
377,26
377,310
377,314
378,108
378,111
378,112
379,108
379,111
380,108
380,113
381,109
381,110
382,108
382,112
383,108
383,111
384,108
384,110
384,113
385,108
385,112
385,221
387,108
387,113
388,108
388,113
389,5
389,7
390,108
390,111
391,108
391,110
391,113
392,108
392,113
393,109
393,111
394,108
394,113
395,109
395,111
396,108
396,109
397,109
398,109
398,111
399,109
399,111
400,108
400,110
400,113
401,3
401,4
401,5
403,108
403,110
403,113
404,108
404,110
404,113
406,108
406,221
407,108
407,221
408,108
408,112
409,108
409,110
409,113
410,108
410,113
411,108
411,110
411,113
412,108
412,221
413,108
413,112
414,108
414,113
415,108
415,111
416,108
416,112
417,108
417,221
418,108
418,111
419,108
419,110
419,113
420,108
420,111
421,108
421,112
422,108
422,110
422,112
423,108
423,221
424,109
425,295
425,307
426,295
426,307
427,295
427,307
428,307
429,307
430,307
431,307
432,295
432,307
433,295
433,307
434,307
435,307
436,307
437,307
438,307
439,307
440,307
441,307
442,307
443,307
444,298
444,308
445,298
445,308
446,297
446,308
447,298
447,308
448,297
448,308
449,297
449,308
450,297
450,308
451,298
451,308
452,298
452,308
453,297
453,308
454,298
454,308
455,298
455,308
456,298
456,308
457,298
457,308
458,307
459,307
460,307
461,307
462,307
463,307
464,307
465,307
466,307
467,297
467,308
468,297
468,308
469,297
469,308
470,298
470,308
471,297
471,308
472,308
473,297
473,308
474,296
475,296
476,296
477,296
478,296
479,296
480,296
481,296
482,296
484,205
484,87
484,105
484,200
484,92
484,104
485,102
486,221
486,162
486,159
486,109
487,23
488,85
488,92
489,117
490,49
490,52
490,53
490,46
490,55
490,45
490,50
490,51
492,138
493,138
494,138
494,141
495,263
495,138
495,141
496,183
496,184
496,185
497,182
498,183
498,184
498,185
500,188
500,186
500,182
501,85
502,90
503,265
503,97
504,85
505,5
506,2
506,5
507,5
508,6
509,132
509,127
509,129
510,132
510,127
510,129
511,127
511,128
512,127
512,129
513,133
513,127
513,128
514,26
514,24
514,25
514,33
514,23
515,28
515,29
515,33
515,27
515,32
516,26
516,28
516,24
516,33
516,23
517,26
517,24
517,25
517,23
518,30
518,24
518,23
519,30
520,177
520,176
520,181
521,176
522,232
522,231
522,234
522,233
523,200
524,202
525,182
526,182
527,201
528,201
529,200
530,78
530,82
531,122
531,123
532,120
532,118
533,114
533,116
534,122
534,123
535,264
536,47
536,48
536,45
536,57
537,58
538,56
538,58
539,103
539,107
540,101
541,103
541,107
542,103
542,107
543,250
543,249
544,254
544,250
544,249
545,249
545,253
545,105
546,249
546,253
547,254
547,249
548,178
548,177
548,176
548,261
548,181
549,178
549,177
549,176
549,261
549,181
550,5
551,257
552,174
552,169
552,166
553,168
553,166
554,166
554,173
556,39
556,41
557,39
557,41
558,44
558,38
559,36
559,38
560,36
560,37
560,35
561,9
562,16
563,10
564,15
565,15
565,21
566,17
566,22
567,73
567,74
567,71
568,65
568,66
568,64
569,69
569,66
570,70
570,71
570,66
571,70
571,71
572,158
573,165
574,161
574,164
574,162
575,157
575,156
576,151
576,152
576,146
577,146
578,149
578,150
578,148
579,149
579,150
580,161
580,162
580,159
580,160
581,151
581,152
582,274
583,178
583,177
583,261
583,267
583,274
584,178
584,177
584,176
584,274
585,178
585,177
586,178
586,177
586,261
586,274
587,178
587,177
587,261
587,267
587,274
592,280
592,275
595,280
595,279
596,295
596,297
596,307
597,298
597,296
598,20
599,47
599,48
600,138
601,138
602,138
605,139
605,138
605,140
605,141
607,137
608,65
608,70
608,66
609,70
609,64
610,72
610,68
611,65
611,70
611,69
611,66
614,111
615,108
615,109
616,108
618,110
618,108
618,113
619,104
620,105
621,105
622,91
622,85
622,88
623,87
623,85
623,92
624,86
624,87
624,92
625,87
625,85
625,92
626,5
627,5
628,6
629,6
630,103
630,107
631,49
631,52
631,53
632,50
632,51
633,49
633,52
633,53
634,55
635,182
636,182
637,182
638,115
639,121
640,122
640,123
641,122
641,123
642,118
643,122
644,97
645,87
645,91
645,92
646,149
646,150
646,148
648,147
648,148
648,146
649,152
649,145
650,151
650,155
650,148
651,202
652,202
653,157
653,156
654,157
654,158
655,156
655,158
656,18
657,20
658,20
659,14
660,14
660,21
661,188
661,182
662,182
663,86
663,87
663,91
663,85
663,90
663,88
663,92
664,5
666,151
666,149
666,150
667,146
668,159
668,157
668,160
669,80
671,84
672,77
672,75
673,79
673,78
674,80
676,147
676,148
676,146
677,69
677,66
678,166
679,169
679,166
679,167
680,168
681,170
681,166
682,166
682,173
683,166
683,259
683,173
684,166
684,260
684,173
685,166
685,167
685,173
686,161
686,164
686,162
687,106
690,177
690,176
690,181
691,177
691,261
691,181
692,262
692,181
693,176
693,181
694,178
694,177
694,176
695,178
695,177
695,176
695,181
696,36
696,38
697,99
698,233
699,265
700,182
701,233
702,200
703,202
704,178
704,177
704,176
704,261
704,181
705,178
705,177
705,181
707,257
707,226
708,226
709,257
709,226
710,227
711,41
712,39
712,41
713,44
713,43
713,36
713,35
714,44
714,36
714,38
715,30
716,30
717,34
717,24
717,33
717,23
718,28
718,34
718,24
718,29
718,33
718,23
719,26
719,28
719,34
719,24
719,25
719,33
719,27
719,32
719,23
719,31
720,26
720,24
720,25
720,33
720,23
721,223
721,224
722,250
729,250
729,249
730,255
730,249
731,255
731,249
732,255
732,249
733,249
733,256
734,250
734,249
735,249
735,256
736,249
736,256
737,249
737,256
738,255
738,249
739,250
739,249
739,253
740,132
740,127
740,128
740,129
741,132
741,127
741,129
742,127
742,128
743,132
743,133
743,127
743,129
744,132
744,133
744,127
744,129
749,56
749,58
751,265
752,265
753,107
753,104
754,91
754,85
754,90
754,88
755,176
755,267
756,91
756,90
757,227
758,265
758,99
759,265
760,176
760,267
760,274
761,99
762,86
763,86
763,85
764,92
765,265
766,265
766,99
767,265
768,86
768,85
768,92
769,98
769,265
770,265
770,99
771,233
772,233
773,182
774,182
775,231
776,231
777,231
778,231
779,231
779,234
780,231
781,265
782,265
783,85
783,92
784,91
784,92
785,26
785,33
786,266
787,99
788,92
789,9
790,9
791,12
791,9
792,9
793,16
794,19
795,14
795,13
796,14
797,12
797,10
797,14
797,13
798,15
799,15
800,15
801,10
801,9
801,306
802,16
802,18
803,16
804,16
804,18
805,16
805,18
806,9
806,17
806,22
807,15
808,15
809,111
810,111
811,111
812,111
813,268
813,269
814,223
814,224
815,270
815,269
817,9
818,85
820,227
820,225
820,226
821,90
821,92
823,277
823,275
823,279
824,278
824,275
824,279
825,277
825,275
826,277
826,275
827,277
827,275
828,278
828,275
828,279
829,280
829,275
830,277
830,275
830,279
831,305
832,305
833,304
833,302
834,299
834,304
834,305
835,303
836,303
837,301
838,305
839,302
840,281
840,283
841,281
841,283
841,291
841,292
842,282
843,284
843,293
844,284
844,293
844,294
845,288
845,294
846,288
846,289
847,289
848,294
877,30
877,314
883,31
883,32
882,312
882,313
860,5
860,317
863,4
863,5
865,3
865,5
866,3
866,5
866,317
867,5
867,7
867,319
867,320
868,5
868,6
868,8
869,4
869,318
869,321
870,4
870,318
870,321
871,5
871,7
872,319
872,320
873,319
873,320
874,319
874,320
862,2
862,5
588,166
588,396
588,420
588,421
590,166
590,168
590,259
590,396
591,167
591,170
593,300
593,304
593,305
589,166
589,168
589,418
589,419
859,5
859,317
864,8
864,317
890,3
890,317
896,3
896,4
896,5
897,5
897,318
891,317
891,321
899,23
899,30
899,34
899,311
900,26
900,33
901,32
901,34
902,30
902,311
903,25
903,27
903,32
904,33
904,313
594,299
594,304
916,222
916,224
917,222
917,224
918,351
918,352
919,351
919,352
920,351
920,352
921,351
921,352
922,268
922,269
923,268
923,269
924,268
924,269
925,269
925,270
926,269
926,270
927,269
927,270
928,223
928,224
929,223
929,224
930,224
930,350
931,224
931,350
932,355
932,356
933,355
933,356
935,283
935,288
936,282
936,334
937,288
937,334
938,288
938,334
939,286
939,288
939,293
939,294
940,289
940,290
940,333
906,222
906,224
906,358
907,352
907,357
909,351
909,357
910,268
910,269
911,271
911,272
912,269
912,270
913,223
913,224
914,353
914,355
915,355
915,356
943,299
943,304
944,301
944,304
946,300
946,305
947,302
947,303
948,299
948,305
934,286
934,293
934,294
941,281
941,287
941,291
941,292
941,331
942,281
942,285
942,287
942,291
942,292
966,288
966,330
967,284
967,332
968,299
968,300
969,348
969,349
970,348
970,387
971,64
971,349
972,349
972,387
973,64
973,67
949,282
949,289
949,290
949,330
949,333
950,284
950,286
950,288
950,293
950,332
964,132
964,323
965,328
965,329
953,348
953,387
955,67
955,387
952,286
952,288
952,293
952,294
952,334
954,64
954,65
954,387
956,66
956,68
956,349
957,386
957,400
957,402
957,403
958,379
958,380
958,381
958,382
958,383
959,322
959,325
960,129
960,130
960,131
961,134
961,135
961,326
962,127
962,128
962,327
963,133
963,136
963,324
981,54
981,264
982,45
982,59
983,49
983,60
984,60
984,62
984,389
986,63
986,390
989,112
989,113
617,108
617,112
617,113
617,221
990,124
990,433
991,125
991,433
992,129
992,130
992,131
992,135
993,133
993,136
994,324
994,325
995,322
995,435
996,127
996,323
997,132
997,324
998,127
998,134
1000,128
1000,323
1000,327
999,326
999,434
1001,138
1001,142
1002,138
1002,142
1003,138
1003,143
1004,145
1004,153
1005,151
1005,154
1006,157
1006,163
604,138
604,139
604,140
604,141
604,436
491,138
491,141
491,436
1009,182
1009,187
1010,182
1010,187
1011,191
1011,192
1011,193
974,1
974,5
975,1
975,5
1014,336
1014,412
1015,191
1015,336
1016,191
1016,335
1017,191
1017,337
1018,337
1018,343
1018,344
1019,344
1019,392
1020,335
1020,338
1022,339
1022,392
1023,340
1023,343
1024,343
1024,344
1025,335
1025,345
1026,335
1026,391
1029,361
1029,362
1030,231
1030,361
1031,361
1031,362
1031,363
1032,233
1032,360
976,10
976,11
977,10
977,11
980,42
980,409
979,37
979,40
978,37
978,40
985,61
985,389
988,99
988,100
987,91
987,93
1007,139
1007,140
1007,328
1007,329
1007,436
1008,116
1008,433
1028,393
1028,413
1028,414
1027,335
1027,412
1021,337
1021,339
1013,192
1013,341
1013,342
1012,346
1012,392
898,24
898,33
898,388
375,33
375,388
189,199
189,202
189,203
188,204
188,206
178,203
178,205
178,379
178,384
176,200
176,384
163,202
163,386
163,400
163,403
163,404
221,225
221,226
221,227
221,257
221,427
222,99
222,265
222,266
222,405
222,428
220,97
220,265
220,406
951,281
951,283
951,285
951,287
951,291
895,319
895,320
895,321
894,319
894,320
894,321
893,4
893,319
893,320
892,4
892,319
892,320
889,7
889,319
889,320
888,7
888,319
888,320
44,5
44,317
265,10
265,11
265,13
265,15
265,20
264,9
264,12
264,16
270,16
270,394
261,16
261,394
262,16
262,394
258,19
258,20
236,75
236,372
236,375
237,364
237,369
237,370
237,374
241,80
241,364
241,369
241,374
241,431
239,75
239,78
239,79
239,371
238,75
238,76
238,77
238,373
242,80
242,84
242,368
244,78
244,82
244,376
244,378
244,432
243,81
243,83
138,104
138,437
138,438
206,177
206,178
206,181
206,261
206,267
208,177
208,178
208,262
208,273
253,35
253,36
253,38
253,41
254,35
254,36
254,44
255,36
255,41
255,44
252,35
252,36
252,38
251,35
251,36
251,37
250,35
250,39
250,41
1033,24
1033,26
1033,310
1034,366
1034,367
1035,78
1035,365
1036,83
1036,377
1036,432
1037,250
1037,439
1038,251
1038,440
1039,249
1039,258
1040,295
1040,408
