id,platformmaterialid,platformtopicid,platformsubtopicid
68,9,3,37
79,20,5,6
80,21,4,3
81,22,4,3
82,23,4,3
83,24,4,3
84,25,4,3
85,26,4,3
86,27,4,3
87,28,4,3
88,29,4,3
89,30,4,3
90,31,18,9
91,32,18,9
92,33,18,9
93,34,18,9
94,35,18,9
95,36,18,9
96,38,7,2
97,39,7,2
98,40,7,2
99,41,7,2
100,42,7,2
101,43,7,2
103,45,7,2
104,46,7,2
105,47,7,2
106,48,18,9
107,49,18,9
108,50,18,9
109,51,18,9
110,52,18,7
111,54,18,7
112,55,18,7
113,56,18,7
121,66,12,12
125,74,5,44
132,79,5,44
133,80,5,44
134,81,5,44
135,82,5,44
136,83,5,44
137,84,5,44
138,86,5,44
139,87,5,44
140,88,5,44
141,89,5,44
142,90,5,44
143,91,5,44
144,92,5,44
145,93,5,44
146,95,5,44
147,96,5,44
148,97,5,44
149,98,5,44
150,99,5,44
151,100,5,44
152,101,5,44
153,102,5,44
154,103,5,44
155,104,5,44
156,105,5,44
157,106,5,44
158,107,5,44
159,108,5,44
160,109,5,44
161,110,5,44
162,111,5,44
163,112,5,44
164,114,5,44
165,116,5,44
166,117,5,44
167,118,5,44
168,119,5,44
169,120,5,44
170,121,5,44
171,122,5,44
172,123,5,44
173,124,5,44
174,125,5,44
175,126,5,44
176,128,5,44
177,129,5,5
178,130,5,5
179,131,5,5
180,132,5,5
181,133,5,5
182,134,5,5
183,135,5,5
184,136,5,5
185,137,5,5
193,142,7,2
194,143,14,
196,144,14,
198,145,14,
200,146,14,
202,147,14,
204,148,14,
206,149,14,
208,150,14,
210,151,14,
214,153,14,
216,156,25,
218,157,25,
220,159,14,
224,161,14,
230,164,25,
232,165,12,12
233,166,12,12
234,167,12,12
235,168,12,12
236,169,12,12
240,173,18,10
241,175,16,
245,177,16,
249,179,18,10
250,180,18,10
251,181,18,10
252,182,18,10
253,183,18,10
254,184,18,10
255,185,18,10
256,186,16,
258,187,16,
264,194,18,11
265,195,18,11
266,196,18,11
267,197,18,11
268,198,18,10
269,199,18,10
270,200,18,10
271,201,18,10
272,202,18,10
273,205,15,41
275,207,15,41
277,209,15,41
278,212,18,11
279,213,18,11
280,214,18,11
281,215,18,11
282,216,18,10
283,217,18,10
284,218,18,10
285,219,4,4
289,224,18,11
290,225,18,11
291,228,25,
293,229,25,
295,230,25,
297,231,25,
299,232,25,
301,233,25,
303,234,25,
305,235,22,
315,240,22,
325,245,25,
327,246,17,
329,247,17,
331,248,17,
333,249,17,
347,256,15,41
348,257,7,1
350,259,7,1
351,260,7,1
354,263,7,1
357,266,7,1
358,267,18,10
359,268,7,1
360,269,12,12
362,271,15,41
367,274,25,
368,274,10,
369,274,16,
370,274,22,
371,274,26,
372,274,17,
374,274,14,
377,278,12,12
378,278,12,13
380,279,12,12
381,279,12,13
383,280,5,45
384,281,5,45
385,282,5,45
386,283,5,45
387,284,5,45
388,285,5,45
389,286,5,45
390,287,5,45
391,288,5,45
392,289,5,45
393,290,5,45
394,291,5,45
395,292,5,45
396,293,5,45
397,294,5,45
398,295,5,45
399,296,5,45
400,297,5,45
401,298,5,45
402,299,5,45
403,300,5,45
404,301,5,45
405,302,5,45
406,303,5,45
407,304,5,45
408,305,5,45
409,306,5,45
410,307,5,45
411,308,5,45
412,309,5,45
413,310,5,45
414,311,5,45
415,312,5,45
416,313,5,45
417,314,5,45
418,315,5,45
419,316,5,45
420,317,5,45
421,318,5,45
422,319,5,45
423,320,5,45
424,321,5,45
425,322,5,45
426,323,5,45
427,324,5,45
428,325,5,45
429,326,5,45
430,327,5,45
431,328,5,45
432,329,5,45
433,330,5,45
434,331,5,45
435,332,5,45
436,333,5,45
437,334,5,45
438,335,5,45
439,336,5,45
440,337,5,45
441,338,5,45
442,339,5,45
443,340,5,45
444,341,5,45
445,342,5,45
446,343,5,45
447,344,5,45
448,345,5,45
449,346,5,45
450,347,5,45
451,348,5,45
452,349,5,45
453,350,5,45
454,351,5,45
455,372,10,
457,373,10,
459,374,10,
463,376,10,
465,377,10,
467,378,5,6
468,379,5,6
469,380,5,6
470,381,5,6
471,382,5,6
472,383,5,6
473,384,5,6
474,385,5,6
475,387,5,6
476,388,5,6
477,389,7,2
478,390,5,6
479,391,5,6
480,392,5,6
481,393,5,6
482,394,5,6
483,395,5,6
484,396,5,6
485,397,5,6
486,398,5,6
487,399,5,6
488,400,5,6
489,401,7,2
490,403,5,6
491,404,5,6
492,406,5,6
493,407,5,6
494,408,5,6
495,409,5,6
496,410,5,6
497,411,5,6
498,412,5,6
499,413,5,6
500,414,5,6
501,415,5,6
502,416,5,6
503,417,5,6
504,418,5,6
505,419,5,6
506,420,5,6
507,421,5,6
508,422,5,6
509,423,5,6
510,424,5,6
511,425,5,53
512,426,5,53
513,427,5,53
514,428,5,53
515,429,5,53
516,430,5,53
517,431,5,53
518,432,5,53
519,433,5,53
520,434,5,53
521,435,5,53
522,436,5,53
523,437,5,53
524,438,5,53
525,439,5,53
526,440,5,53
527,441,5,53
528,442,5,53
529,443,5,53
530,444,5,53
531,445,5,53
532,446,5,53
533,447,5,53
534,448,5,53
535,449,5,53
536,450,5,53
537,451,5,53
538,452,5,53
539,453,5,53
540,454,5,53
541,455,5,53
542,456,5,53
543,457,5,53
544,458,5,53
545,459,5,53
546,460,5,53
547,461,5,53
548,462,5,53
549,463,5,53
550,464,5,53
551,465,5,53
552,466,5,53
553,467,5,53
554,468,5,53
555,469,5,53
556,470,5,53
557,471,5,53
558,472,5,53
559,473,5,53
560,474,5,53
561,475,5,53
562,476,5,53
563,477,5,53
564,478,5,53
565,479,5,53
566,480,5,53
567,481,5,53
568,482,5,53
569,483,5,53
570,484,16,
572,484,4,3
573,484,5,5
574,485,5,
576,485,5,5
577,486,5,
578,486,18,
580,486,5,6
581,486,5,5
582,486,18,9
583,486,18,11
584,487,25,
585,487,10,
587,488,4,3
588,489,18,7
589,490,14,
592,492,18,9
593,493,18,9
594,494,18,9
595,495,18,9
596,496,3,37
597,497,3,37
598,498,3,37
599,499,3,37
600,500,3,37
601,501,4,3
602,502,4,3
603,503,4,4
604,504,4,3
605,505,7,2
606,506,7,2
607,507,7,2
608,508,7,2
609,509,18,8
610,510,18,8
611,511,18,8
612,512,18,8
613,513,18,8
614,514,10,
616,515,10,
618,516,10,
620,517,10,
622,518,10,
624,519,10,
626,520,12,13
627,521,12,13
628,522,15,41
629,523,16,
631,524,16,
633,525,15,41
634,526,15,41
635,527,16,
637,528,16,
639,529,16,
641,530,22,
643,531,18,7
644,532,18,7
645,533,18,7
646,534,18,7
647,535,14,
649,536,14,
651,537,14,
653,538,14,
655,539,5,5
656,540,5,5
657,541,5,5
658,542,5,5
659,543,5,44
660,544,5,44
661,545,5,44
662,546,5,44
663,547,5,44
664,548,12,13
665,549,12,13
666,550,7,2
667,551,4,42
668,552,12,12
669,553,12,12
670,554,12,12
672,556,17,
674,557,17,
676,558,17,
678,559,17,
680,560,17,
682,561,7,1
683,562,7,1
684,563,7,1
685,564,7,1
686,565,7,1
687,566,7,1
688,567,25,
690,568,25,
692,569,25,
694,570,25,
696,571,25,
698,572,18,11
699,573,18,11
700,574,18,11
701,575,18,11
702,576,18,10
703,577,18,10
704,578,18,10
705,579,18,10
706,580,18,11
707,581,18,10
708,582,12,13
709,583,12,13
710,584,12,13
711,585,12,13
712,586,12,13
713,587,12,13
718,592,5,45
721,595,5,45
722,596,5,53
723,597,5,53
724,598,7,1
725,599,14,
727,600,18,9
728,601,18,9
729,602,18,9
733,605,18,9
735,607,26,
737,607,18,9
738,608,25,
740,609,25,
742,610,25,
744,611,25,
749,614,5,6
750,615,5,6
751,616,5,6
753,618,5,6
754,619,5,5
755,620,5,5
756,621,5,5
757,622,4,3
758,623,4,3
759,624,4,3
760,624,4,4
761,625,4,3
762,625,4,4
763,626,7,2
764,627,7,2
765,628,7,2
766,629,7,2
767,630,5,5
768,631,14,
770,632,14,
772,633,14,
774,634,14,
776,635,3,37
777,636,3,37
778,637,3,37
779,638,18,7
780,639,18,7
781,640,18,7
782,641,18,7
783,642,18,7
784,643,18,7
785,644,4,4
786,645,4,3
787,645,4,4
788,646,18,10
791,648,18,10
792,649,18,10
793,650,18,10
794,651,16,
796,652,16,
798,653,18,11
799,654,18,11
800,655,18,11
801,656,7,1
802,657,7,1
803,658,7,1
804,659,7,1
805,660,7,1
806,661,3,37
807,662,3,37
808,663,4,3
809,664,7,2
812,666,18,10
813,667,18,10
814,668,18,11
815,669,22,
840,671,22,
842,672,22,
844,673,22,
846,674,22,
848,676,18,10
849,677,25,
851,678,12,12
852,679,12,12
853,680,12,12
854,681,12,12
855,682,12,12
856,683,12,12
857,684,12,12
858,685,12,12
859,686,18,11
860,687,5,5
885,689,4,42
886,690,12,13
887,691,12,13
888,692,12,13
889,693,12,13
890,694,12,13
891,695,12,13
892,696,17,
894,697,4,4
895,698,3,37
896,698,15,41
897,699,4,4
898,700,3,37
899,700,15,41
900,701,3,37
901,701,15,41
902,702,16,
904,703,16,
906,704,12,13
907,705,12,13
908,706,4,3
909,706,4,42
910,707,4,42
911,708,4,42
912,709,4,42
913,710,4,42
914,711,17,
916,712,17,
918,713,17,
920,714,17,
922,715,10,
924,716,10,
926,717,10,
928,718,10,
930,719,10,
932,720,10,
934,721,26,
936,722,5,44
948,729,5,44
949,730,5,44
950,731,5,44
951,732,5,44
952,733,5,44
953,734,5,44
954,735,5,44
955,736,5,44
956,737,5,44
957,738,5,44
958,739,5,44
959,740,18,8
960,741,18,8
961,742,18,8
962,743,18,8
963,744,18,8
972,749,14,
975,751,4,4
976,752,4,4
977,753,5,5
978,754,4,3
979,755,12,13
980,756,4,3
981,757,4,3
982,758,4,4
983,759,4,4
984,760,12,13
985,761,4,4
986,762,4,3
987,763,4,3
988,764,4,3
989,765,4,4
990,766,4,4
991,767,4,4
992,768,4,3
993,769,4,4
994,770,4,4
995,771,15,41
996,772,15,41
997,773,3,37
998,774,3,37
999,775,15,41
1000,776,15,41
1001,777,15,41
1002,778,15,41
1003,779,15,41
1004,780,15,41
1005,781,4,4
1006,782,4,4
1007,783,4,3
1008,784,4,3
1009,785,10,
1011,786,4,4
1012,787,4,4
1013,788,4,3
1014,789,7,1
1015,790,7,1
1016,791,7,1
1017,792,7,1
1018,793,7,1
1019,794,7,1
1020,795,7,1
1021,796,7,1
1022,797,7,1
1023,798,7,1
1024,799,7,1
1025,800,7,1
1026,801,7,1
1027,802,7,1
1028,803,7,1
1029,804,7,1
1030,805,7,1
1031,806,7,1
1032,807,7,1
1033,808,7,1
1034,809,5,6
1035,810,5,6
1036,811,5,6
1037,812,5,6
1038,813,26,
1040,814,26,
1042,815,26,
1044,817,7,1
1045,818,16,
1047,818,4,3
1048,818,4,42
1049,818,4,4
1050,819,16,
1052,819,4,3
1053,819,4,42
1054,819,4,4
1055,820,16,
1057,820,4,3
1058,820,4,42
1059,820,4,4
1060,821,16,
1062,821,4,3
1063,822,4,3
1064,823,5,45
1065,824,5,45
1066,825,5,45
1067,826,5,45
1068,827,5,45
1069,828,5,45
1070,829,5,45
1071,830,5,45
1072,831,28,47
1073,832,28,47
1074,833,28,47
1075,834,28,47
1076,835,28,47
1077,836,28,47
1078,837,28,47
1079,838,28,47
1080,839,28,47
1081,840,28,46
1082,841,28,46
1083,842,28,46
1084,843,28,46
1085,844,28,46
1086,845,28,46
1087,846,28,46
1088,847,28,46
1089,848,28,46
1128,877,10,
1129,883,10,
1130,882,10,
1140,860,7,2
1141,863,7,2
1142,865,7,2
1143,866,7,2
1144,867,7,2
1145,868,7,2
1146,869,7,2
1147,870,7,2
1148,871,7,2
1149,872,7,2
1150,873,7,2
1151,874,7,2
1152,862,7,2
1154,588,12,12
1155,590,12,12
1156,591,12,12
1157,593,28,47
1159,589,12,12
1177,859,7,2
1178,864,7,2
1181,890,7,2
1185,896,7,2
1186,897,7,2
1198,891,7,2
1209,899,10,
1211,900,10,
1212,901,10,
1213,902,10,
1214,903,10,
1215,904,10,
1269,594,28,47
1270,916,26,
1271,917,26,
1272,918,26,
1273,919,26,
1274,920,26,
1275,921,26,
1276,922,26,
1277,923,26,
1278,924,26,
1279,925,26,
1280,926,26,
1281,927,26,
1282,928,26,
1283,929,26,
1284,930,26,
1285,931,26,
1286,932,26,
1287,933,26,
1288,935,28,46
1289,936,28,46
1290,937,28,46
1291,938,28,46
1292,939,28,46
1293,940,28,46
1296,906,26,
1297,907,26,
1299,909,26,
1300,910,26,
1301,911,26,
1302,912,26,
1303,913,26,
1304,914,26,
1305,915,26,
1320,943,28,47
1321,944,28,47
1322,946,28,47
1323,947,28,47
1324,948,28,47
1339,934,28,46
1340,941,28,46
1341,942,28,46
1353,966,28,46
1354,967,28,46
1355,968,28,47
1356,969,25,
1357,970,25,
1358,971,25,
1359,972,25,
1360,973,25,
1361,949,28,46
1362,950,28,46
1364,964,18,8
1365,965,18,9
1366,953,25,
1367,955,25,
1368,952,28,46
1369,954,25,
1370,956,25,
1371,957,16,
1372,958,16,
1373,959,18,8
1374,960,18,8
1375,961,18,8
1376,962,18,8
1377,963,18,8
1387,981,14,
1388,982,14,
1389,983,14,
1390,984,14,
1392,986,14,
1395,989,5,6
1396,617,5,6
1397,990,18,7
1398,991,18,7
1399,992,18,8
1400,993,18,8
1401,994,18,8
1402,995,18,8
1403,996,18,8
1405,997,18,8
1406,998,18,8
1409,1000,18,8
1410,999,18,8
1411,1001,18,9
1412,1002,18,9
1413,1003,18,9
1414,1004,18,10
1415,1005,18,10
1416,1006,18,11
1419,604,18,9
1420,491,18,9
1421,1009,3,37
1422,1010,3,37
1423,1011,3,39
1428,974,7,2
1429,975,7,2
1430,1014,3,39
1431,1015,3,39
1432,1016,3,39
1433,1017,3,39
1434,1018,3,39
1435,1019,3,39
1436,1020,3,39
1438,1022,3,39
1439,1023,3,39
1440,1024,3,39
1441,1025,3,39
1442,1026,3,39
1445,1029,15,41
1447,1030,15,41
1448,1031,15,41
1449,1032,15,41
1450,976,7,1
1451,977,7,1
1452,980,17,
1453,979,17,
1454,978,17,
1455,985,14,
1456,988,4,4
1457,987,4,3
1458,1007,18,9
1459,1008,18,7
1460,1028,3,37
1461,1027,3,39
1462,1021,3,39
1463,1013,3,39
1464,1012,3,39
1465,898,10,
1466,375,10,
1467,189,16,
1468,188,16,
1469,178,16,
1470,176,16,
1471,163,16,
1472,221,4,42
1473,222,4,4
1474,220,4,4
1475,951,28,46
1476,895,7,2
1477,894,7,2
1478,893,7,2
1479,892,7,2
1480,889,7,2
1481,888,7,2
1482,44,7,2
1483,265,7,1
1484,264,7,1
1485,270,7,1
1486,261,7,1
1487,262,7,1
1488,258,7,1
1489,236,22,
1490,237,22,
1491,241,22,
1492,239,22,
1493,238,22,
1494,242,22,
1496,244,22,
1497,243,22,
1498,138,5,5
1501,206,12,13
1502,208,12,13
1504,253,17,
1505,254,17,
1506,255,17,
1507,252,17,
1508,251,17,
1509,250,17,
1511,1033,10,
1512,1034,22,
1513,1035,22,
1514,1036,22,
1515,1037,5,44
1516,1038,5,44
1517,1039,5,44
1519,1040,5,53
